creation,id,name,text,pub_date,from_id,forward_from,forward_count,edited_date,edit_hide,is_reply,reply_count,reply_to,URL_id
2022-06-24 18:52:55.806538,238,matinmentalofficial,ุฏูุณุชุงู ุงููุงูุงููุฏ ุฌูุณู ุงูู ุขููุฒุด ุฏุงูุงูฺฉ ูุฌูฺฏ ุฏุฑ ุงููุงูุง ููุฏ ูุฑุงุฑ ฺฏุฑูุช  ููุชุธุฑ ุฌูุณุงุช ุจุนุฏ ุจุงุดุฏ ุท ุงู ููุชู๐ฅ๐๐,2022-06-18 15:09:15,,,11,,,1,0,234,9
2022-06-24 18:52:55.662983,239,matinmentalofficial,ุงููุงูุงููุฏ ูุง ุจุงูุง ทฐฐ ุชุง ูุฏู ูุฏุฑุฏุงู ูุฑุณุชุงุฏูุฏ ููฺู ุฑุถุงุช ูุฎุงุทุจ ุงุฒ ฺฉ ุฎุฏูุงุช ูุงู ุจู ุฌุฑุงุช ูฺฏู ุจ ุณุงุจูู ุงุณุช ุจุงูุง นต ุฏุฑุตุฏ ูุฎุงุทุจู ุฑุถุงุช ฺฉุงูู ุฏุงุดุชูุฏ๐  ุฎุฏุง ุฑู ุดฺฉุฑ  ูุฑุณ ฺฉู ูุณุชุฏ๐  ๐๐๐๐  ุชู ูู ุงฺฏุฑ ูุฎูุง ูพุดุจู ูุง ุจุงุฒุงุฑ ุฑูุฒุงุฑุฒุุทูุงุุจูุฑุณุุฏูุงุฑุูุณฺฉู ู ุฎูุฏุฑู ุฑู ุฏูู ุฏุงุดุชู ุจุงุด   ู ฺฉ ุจุงุดู ฺฉู ุจุฑุงุช ุฏูู ูพุดุจู ฺฉูู ู ููุฑุงู ุจุง ูพุดุจู ุจูุช ุขููุฒุด ูู ุจุฏู  ูุชูู ุงุฒ ููฺฉ ูพุงู ุชุจุฏู ุจุด ุจู ฺฉ ุงูุฑุงฺฉู ุงููุงูุง๐๐ผ๐๐ผ๐๐ผ  http://matinmental.woasacademy.com  ๐ง๐ง๐ง,2022-06-19 12:59:43,,,21,,,0,0,,9
2022-06-24 18:52:55.508359,240,matinmentalofficial,ฺฉ ูุฏู ูุงุฑุงู ุดุฏู  ุงุฒ ฺฉ ุงุฒ ุงูุชุตุงุฏ ุฏุงู ูุง ฺฉู ูุฑุฏุงุฏ นธ ฺฏูุชูุฏ ุฑูุฒุงุฑุฒูุง ูุงุจูุฏ ูุดู   ุงูุงู ุฏุฏู ูุฏูุดููู ุงูุฑูุฒ ูุณ ุชุญููุดู ูุฐุงุฑู ุจุฑุงุชูู,2022-06-20 10:17:14,,,5,,,0,0,,9
2022-06-24 18:52:55.364771,241,matinmentalofficial,ุฏุฑูุฒ ุงุณุชูุฑ ฺฏุฐุงุดุชู ุฏุนุง ฺฉูุฏ ุฏุฏู ฺูุฏุฑุฑุฑุฑ ุฏู ูพุงฺฉุฏ ฺูุฏุฑุฑุฑุฑ ููุฑุจููุฏ๐๐๐   ุจุฑุง ุฏุนุงูุงุชูู ูุฑ ฺฉุงุฑ ฺฉู ุญุณ ฺฉุฑุฏ ุงุฒ ูุชู ุจุฑ ูุงุฏ ุจูู ูฺฏุููุจุฎุดูุช...  ูุชู ููุชุงู ุฑู ฺฉู ุณุงุฎุชูุุจุฑุง ุงู ุจูุฏ ฺฉู ุขุฏู ฺฉุณุงู ุฏฺฏู ุญุงูุดูู ุงุฒ ุงูุฑูุฒ ุจูุชุฑ ุจุดู๐๐๐,2022-06-20 11:15:33,,,4,,,0,0,,9
2022-06-24 18:52:55.238283,242,matinmentalofficial,ุงู ูููู ุจุฑฺฏุดุช V ุจูุฏ ฺฉู ุชู ูุงู ุดูุจู ฺฏูุชู. ุงุฏุงูู ูุณุฑ ูพุงุฑุฌุงุณุช ูุซู ุชุญูู ูุจู. ูุงู ุชุง ูุฑุฏุง ุดุจ ุณู ูุณุช,2022-06-20 14:28:23,,,16,,,0,0,,9
2022-06-24 18:52:55.084858,244,matinmentalofficial,ุงุชููู ูุงู ุจุญุฑุงู ุบุฐุง ฺฏูุชู ูุงู ุจู ูุดฺฉู ูุฎูุฑูุ ุณููู ุจูุฏ ุขุฑุฏ ุชูุฑุงู  ๐๐๐๐,2022-06-20 14:46:58,,,28,,,1,0,116,9
2022-06-24 18:52:54.937701,245,matinmentalofficial,ุญุงูุง ู ูพุดุจู ุฏฺฏู  ุฏูุง ุฏุงุฑู ูุงุฑุฏ ุฑฺฉูุฏ ุชูุฑู ุนุธู ูุดู  ูุฑ ุฑูุฒ ูพูู ุฏุฑุขูุฑุฏู ุญุฑูู ุง ุชุฑ ู ุณุฎุช ุชุฑ ูุดู   ฺฉู ุฏูุง  ฺฉู ุฑู ุงุฑุงู ูู ุงุซุฑ ุฏุงุฑู  ุณุน ฺฉู ุงูุฏุงุฒู ถ ูุงู ฺฉุดู ููุฏ ฺฉูุงุฑ ุฏุงุดุชู ุจุงุด.   ู ุฑู ุงูู ูพูู ุงุตูุง ุฑุณฺฉ ูฺฉู,2022-06-20 14:47:23,,,102,,,0,0,,9
2022-06-24 18:52:54.800723,246,matinmentalofficial,ุดุงุฏ ุฎู ููุช ูุง ูุงุฑุงุญุช ุจุด ุงุฒู ฺฉู ูู ููุท ุงุฒ ุจุญุฑุงู ูุง ูฺฏู   ุงุฒ ูุฑุตุช ูู ุฎู ููุชุง ฺฏูุชู   ุงูุง ุฏูุณุช ุฏุงุฑู ุจุญุฑุงู ู ุณุฎุช ูุง ููุช ุงุฎุจุงุฑ ููู ูุดูู ุจฺฏ ูุชู ุฏูุช ฺฏุฑู ฺฉู ูุจูุด ุจูู ฺฉูุช ุญูุงุณู ุจูุด ุจุงุดู,2022-06-20 14:48:08,,,41,,,0,0,,9
2022-06-24 18:52:54.656818,247,matinmentalofficial,ุงูุงูู ุฑู ุฑุงู ุงูุฏุงุฒ ุจุฒูุณ ูุง ุนููู ุชูุฑฺฉุฒ ฺฉู ฺฉู ูุฒูู ุซุงุจุช ูพุงู ุฏุงุดุชู ุจุงุดู   ฺฉู ูุฑุตุช ูุณุช ุจุฑุง ุงู ูุฏู ุจุฒูุณ ูุง ูู ููู ุงูุงู ฺฉุดู ุดูุงู ูุดูุฑ ุฏุงุฑู ุฑุงู ุงูุฏุงุฒ ูฺฉูู ุจุง ุณุฑูุงู ุฒุฑ ฑฐฐ ูููู    ุงูุงู ุชูุฑฺฉุฒ ฺฉู ุฑู ุงูฺฉู ฑ-ุจุฒูุณ ุจุง ูุฒูู ุซุงุจุช ูพุงู ุฑุงู ุจูุฏุงุฒ ฒ-ุฒูุงู ุจุฑุง ุณููฺฏ ุชุฑุฏูฺฏโุจุง ดฐ ุฏุฑุตุฏ ุณุฑูุงู ุงุช ุฏุงุดุชู ุจุงุด(ูู ูุงุฑฺฉุณ ุงูฺฉุงุฑู ุงูุงู ุงูุฌุงู ูุฏู) ณ-ุณูุฏ ุณููฺฏ ุชุฑุฏูฺฏุช ุฑู ู ุณุงูู ุณุฑูุงู ฺฏุฐุงุฑ ฺฉู,2022-06-20 14:50:39,,,101,,,0,0,,9
2022-06-24 18:52:54.517300,248,matinmentalofficial,ุฏูุณุชุงู ูู ฺฉู ูุงุฑฺฉุณ ูุณุชูุฏ  ุจูุง ุจู ุงุณุชุฑุงุชฺุดูู  ุงุฏุดูู ุจุงุดู ุชุง ฺูุฏ ูุงู ุงูุฏู ูุฑุฎ ุจูุฑู ุงุฑููพุง ูู ูุฑู ุจุงูุง  ุงุฒ ูุฑุตุช ูู ุดุฏู ูุฑู ุฏุฑ ฺูุฏ ูุงู ุงูุฏู ุฌุง ููููู,2022-06-20 14:51:21,,,131,,,0,0,,9
2022-06-24 18:52:54.374982,249,matinmentalofficial,ุจุญุฑุงู ุฑู ุงูุฌุง ฺฏูุชู,2022-06-20 14:51:36,,,23,,,1,0,245,9
2022-06-24 18:52:54.219862,250,matinmentalofficial,ุงูู ู ูุฑุตุช,2022-06-20 14:51:42,,,21,,,1,0,248,9
2022-06-24 18:52:54.079296,251,matinmentalofficial,ุณุฎูุฑุงู ุฎุงูู ูุงฺฏุงุฑุฏ ูู ุชุงุฏ ฺฉุฑุฏ ุงูู,2022-06-20 14:56:06,,,23,,,1,0,248,9
2022-06-24 18:52:53.941595,252,matinmentalofficial,ูุฑ ูุงู ุฏูุณุช ุฏุงุฑ ุจุฐุงุฑู  ุฏุงุฑฺฉุช ุจุฏู ุจูู ุจฺฏู,2022-06-20 15:21:41,,,7,,,0,0,,9
2022-06-24 18:52:53.784393,253,matinmentalofficial,ููุช ฺฉู ุณููุท ฺฉุฑุฏ...  ุจุชฺฉูู ฺฉู ุตุนูุฏ ฺฉุฑุฏ...๐๐,2022-06-21 07:11:35,,,12,,,0,0,,9
2022-06-24 18:34:39.448136,254,matinmentalofficial,๐ุณูุงู ุฏูุณุชุงู๐ ุงููุฏูุงุฑู ุญุงูุชูู ุนุงูู ุจุงุดู ุงูู ูุชู ุจูุชูู ููู ููููู ุชุง ุจู ูุทุงูุจ ูุงูุงู ุฏุณุชุฑุณู ุณุฑูุนุชุฑ ู ุฑุงุญุช ุชุฑู ุฏุงุดุชู ุจุงุดูู ู ุจุชูููู ูุทุงูุจ ุฑู ุจู ุชุฑุชูุจ ุงุณุชูุงุฏู ุจูุฑูุงููู   ๐ฐุขููุฒุด ุฑุงูฺฏุงู ูุชุงูุฑุณ  ูุณูุช ุงูู ุฏูุฑู ุฑุงูฺฏุงู ูุชุงูุฑุณ  ูุณูุช ุฏูู ุฏูุฑู ุฑุงูฺฏุงู ูุชุงูุฑุณ  ูุณูุช ุณูู ุฏูุฑู ุฑุงูฺฏุงู ูุชุงูุฑุณ  ูุณูุช ฺูุงุฑู ุฏูุฑู ุฑุงูฺฏุงู ูุชุงูุฑุณ  ูุณูุช ูพูุฌู ุฏูุฑู ุฑุงูฺฏุงู ูุชุงูุฑุณ  ูุณูุช ุดุดู ุฏูุฑู ุฑุงูฺฏุงู ูุชุงูุฑุณ  ูุณูุช ููุชู ุฏูุฑู ุฑุงูฺฏุงู ูุชุงูุฑุณ  ูุณูุช ูุดุชู ุฏูุฑู ุฑุงูฺฏุงู ูุชุงูุฑุณ  ูุณูุช ููู ุฏูุฑู ุฑุงูฺฏุงู ูุชุงูุฑุณ  ูุณูุช ุฏูู ุฏูุฑู ุฑุงูฺฏุงู ูุชุงูุฑุณ  ูุณูุช ูุงุฒุฏูู ุฏูุฑู ุฑุงูฺฏุงู ูุชุงูุฑุณ  ูุณูุช ุฏูุงุฒุฏูู ุฏูุฑู ุฑุงูฺฏุงู ูุชุงูุฑุณ   ๐ฐุขููุฒุด ูุญูู ุชูุณูู ุฑูุณู  ูุณูุช ุงูู ุชูุณูู ุฑูุณู  ูุณูุช ุฏูู ุชูุณูู ุฑูุณู  ูุณูุช ุณูู ุชูุณูู ุฑูุณู   ๐ฐูุงูู ูุงู ุถุจุท ุดุฏู  ูุงูู 25 ุงุณููุฏ 1400  ูุงูู 7 ูุฑูุฑุฏูู 1401  ูุงูู 20 ูุฑูุฑุฏูู 1401   ๐ฐุชูุถูุญุงุช ูุงูู ุฏุฑ ุฑุงุจุทู ุจุง ุฎุฑูุฏ ุชูููุชุฑ ุชูุณุท ุงููุงู ูุงุณู  ูุณูุช ุงูู ุฑูุณู ุงููุงู ูุงุณู ุจุฑุงู ุฎุฑูุฏ ุชูููุชุฑ   ูุณูุช ุฏูู ุฑูุณู ุงููุงู ูุงุณู ุจุฑุงู ุฎุฑูุฏ ุชูููุชุฑ  ุชูุถูุญุงุช ููุงูู ุฏุฑ ุฑุงุจุทู ุจุง ุฎุฑูุฏ ุชูููุชุฑ ุชูุณุท ุงููุงู ูุงุณู    ุชูุธููุงุช ุงูฺููููู ู ุชุบููุฑ ุงุนุฏุงุฏ  ุขููุฒุด ุจุงุฒู Gala ู Townstar,2022-06-21 08:37:12,,,483,,,0,0,,9
2022-06-24 18:34:39.310431,255,matinmentalofficial,ุฏูุฑู ุฑุงฺฏุงู ู ุฌุฐุงุจ ูุชุงูุฑุณ ุฑู ุงุฒ ุฏุณุช ูุฏู๐   ูพุงู ุฑูพูุง ุดุฏู ุจุฑู ฺฉุงูู ุจุจู,2022-06-21 08:37:45,,,7,,,1,0,254,9
2022-06-24 18:34:39.198878,256,matinmentalofficial,ูุงู ุดูุจู,2022-06-21 13:45:57,,,161,2022-06-21 13:46:14,0,0,0,,9
2022-06-24 18:34:39.058372,257,matinmentalofficial,ูุฑุตุช ุดูุงุณ ุงูู...ุณุฑ ูุฎ ุฑู ุงุฒ ูู ฺฏุฑูุช ุฎูุฏุด ุฑูุช ุณูุฏุดู ุณุงุฎุช. ุงฺฏุฑ ุญุงูุง ููุฏูู ุจุนุฏ ฺฏุฑูุชู ุณุฑ ูุฎ ุจุงุฏ ฺฺฉุงุฑ ฺฉู ุุงุดฺฉุงู ูุฏุงุฑู ูู ุจูุช ุงุฏ ูุฏู ููุท ฺฉุงูุงู ู ูุทุงูุจูู ูู ุจู ููโุฏูุจุงู ฺฉู๐,2022-06-21 14:32:47,,,29,,,1,0,248,9
2022-06-24 18:34:38.912309,258,matinmentalofficial,ุงฺฏุฑ ุงุฒ ุทููุงู ุนุจูุฑ ฺฉู... ุฎูุฏุช ุชุจุฏู ุจู ุทููุงู ูุด๐ฅ,2022-06-23 21:03:18,,,107,,,0,0,,9
2022-06-24 18:52:43.767383,3753,Navasangir100,#ูุณุฑูุฏ โก๏ธ ุณฺฏูุงู ููุชฺฏ ููู ุฏุฑ ุตู ุฎุฑุฏ ุฏุฑ ุดุฑุงุท ฺฉู ุจุงุฒุงุฑ ูุฑูุฒ ุฑูฺฏ ูุณุชุด ูุง ููู ุฏุฑ ุตู ุฎุฑุฏ ูุณุชู ๐๏ธ @LAENI217,2022-06-19 09:33:43,,,0,,,1,0,3731,8
2022-06-24 18:52:43.636961,3754,Navasangir100,ุณฺฏูุงู ูุง ููุชฺฏ ฺฉู ูุนุฑู ูุดู ูุจู ุงุฒ ูุฑูุฏ ุญูู ูุง ูุญุชุฑู ฺฉู ุฏุฑ ุตู ุฎุฑุฏ ุจู ูุง ุจูพููุฏูุฏ ูุง ูุฑูุฏ ูฺฉูู ุฏุฑ ุฑูุฌ ููู ูพุณ ุงฺฏุฑ ููุงุฏ ูุนุฑู ุดุฏ ฺฉ ุฏู ุฑูุฒ ููู ุจูุฏ ุฌุง ูฺฏุฑุงู ูุณุช  โก๏ธ ุงุนุชูุงุฏ ุดูุง ุงุนุชุจุงุฑ ูุงุณุช  ๐๏ธ @LAENI217,2022-06-19 09:38:42,,,0,,,0,0,,8
2022-06-24 18:52:43.482994,3755,Navasangir100,,2022-06-20 02:54:22,,,0,,,0,0,,8
2022-06-24 18:52:43.360383,3756,Navasangir100,#ุฎุชูุฑ  โก๏ธ ุณฺฏูุงู ููุชฺฏ ููุงุณุจ ูุฑูุฏ  ๐๏ธ @LAENI217,2022-06-20 02:55:07,,,2,,,0,0,,8
2022-06-24 18:52:43.218912,3757,Navasangir100,ุฏูุณุชุงู ฺฉู ุจู ูุฑ ุฏูู ุชู ุงู ฺูุฏ ููุชู ูุชููุณุชู ุณูุฏ ุฏูุฎูุงู ุฏุฑุงูุช ฺฉููุฏ ุณฺฏูุงู ุฎุชูุฑ ฺฏุฒูู ููุงุณุจ ูุณุชุด  โก๏ธ ููุทู ุฎุฑูุฌ ุงุนูุงู ุฎูุงูุฏ ุดุฏ  ๐ธุณฺฏูุงู ูุฏู ฺูู ููุณุงูฺฏุฑ ูุงุฆู,2022-06-20 02:57:52,,,1,,,0,0,,8
2022-06-24 18:52:43.081633,3758,Navasangir100,๐ ุณฺฏูุงู ููุณุงู(ุฑูุฒุงูู)   โจ #ุณฺฏูุงู_ููุณุงู_ุฑูุฒุงูู   ๐ #ูุชูุณุง  ูุญุฏูุฏู ูุฑูุฏ #10040 ๐นุชุงุฑฺฏุช #10500 โูพุฑ ุณูุฏ ุจุงุดุฏ     โ๏ธุฏุฑ ุตูุฑุช ุชูุงุถุง ุจุงูุง ูฺฏูุฏุงุฑ ุจุดู ุจุฑุง ูุฑุฏุง   ๐๏ธ @LAENI217,2022-06-20 04:22:37,,,0,,,0,0,,8
2022-06-24 18:52:42.955214,3759,Navasangir100,๐ ุณฺฏูุงู ููุณุงู(ุฑูุฒุงูู)   โจ #ุณฺฏูุงู_ููุณุงู_ุฑูุฒุงูู   ๐ #ุฎุชูุฑ  ูุญุฏูุฏู ูุฑูุฏ #11750 ๐นุชุงุฑฺฏุช #12110 โูพุฑ ุณูุฏ ุจุงุดุฏ    ๐ู ููุณุงู ฺฉูฺููู ูู ูุดู ฺฏุฑูุช  ุฏุฑ ฺฉูุงุฑ ุณฺฏูุงู ููุชฺฏ โ๏ธุฏุฑ ุตูุฑุช ุชูุงุถุง ุจุงูุง ูฺฏูุฏุงุฑ ุจุดู ุจุฑุง ูุฑุฏุง   ๐๏ธ @LAENI217,2022-06-20 04:28:05,,,1,,,0,0,,8
2022-06-24 18:52:42.829888,3760,Navasangir100,๐ ุณฺฏูุงู ููุณุงู(ุฑูุฒุงูู)   โจ #ุณฺฏูุงู_ููุณุงู_ุฑูุฒุงูู   ๐ #ุฎฺุฑุฎุด  ูุญุฏูุฏู ูุฑูุฏ #20940 ๐นุชุงุฑฺฏุช #22100 โูพุฑ ุณูุฏ ุจุงุดุฏ   โ๏ธุฏุฑ ุตูุฑุช ุชูุงุถุง ุจุงูุง ูฺฏูุฏุงุฑ ุจุดู ุจุฑุง ูุฑุฏุง   ๐๏ธ @LAENI217,2022-06-20 04:30:59,,,2,2022-06-20 13:30:05,0,0,0,,8
2022-06-24 18:52:42.719681,3761,Navasangir100,#ุณฺฏูุงู_ููุชฺฏ ุฎุชูุฑ ูุจุงุฑฺฉุชูู ุจุงุดู  ๐๏ธ @LAENI217,2022-06-20 13:30:46,,,0,,,1,0,3756,8
2022-06-24 18:52:42.594478,3762,Navasangir100,2ุณฺฏูุงู ููุณุงู ุฑูุงุฒูู  ูุชูุณุง 9 ุฏุฑุตุฏ ุณูุฏู ุฏุงุดุชู  ุฎุชูุฑ 3 ุฏุฑุตุฏ   ุฎฺุฑุฎุด ูู ููุณุงู ูุฏุงุฏู   ๐๏ธ @LAENI217,2022-06-20 13:31:47,,,1,,,0,0,,8
2022-06-24 18:52:42.490171,3763,Navasangir100,,2022-06-20 13:31:47,,,1,,,0,0,,8
2022-06-24 18:52:42.384834,3764,Navasangir100,,2022-06-22 04:12:32,,,0,,,0,0,,8
2022-06-24 18:52:42.281347,3765,Navasangir100,๐ ุณฺฏูุงู ููุณุงู(ุฑูุฒุงูู)   โจ #ุณฺฏูุงู_ููุณุงู_ุฑูุฒุงูู   ๐ #ุขุณุงุชฺฉ  ูุญุฏูุฏู ูุฑูุฏ #17650 ๐นุชุงุฑฺฏุช #18450 โูพุฑ ุณูุฏ ุจุงุดุฏ     โ๏ธุฏุฑ ุตูุฑุช ุชูุงุถุง ุจุงูุง ูฺฏูุฏุงุฑ ุจุดู ุจุฑุง ูุฑุฏุง   ๐๏ธ @LAENI217,2022-06-22 04:19:12,,,2,,,0,0,,8
2022-06-24 18:52:42.158203,3766,Navasangir100,๐ ุณฺฏูุงู ููุณุงู(ุฑูุฒุงูู)   โจ #ุณฺฏูุงู_ููุณุงู_ุฑูุฒุงูู   ๐ #ูุชูุณุง  ูุญุฏูุฏู ูุฑูุฏ #11500 ๐นุชุงุฑฺฏุช #11800 โูพุฑ ุณูุฏ ุจุงุดุฏ     โ๏ธุฏุฑ ุตูุฑุช ุชูุงุถุง ุจุงูุง ูฺฏูุฏุงุฑ ุจุดู ุจุฑุง ูุฑุฏุง   ๐๏ธ @LAENI217,2022-06-22 04:20:00,,,1,,,0,0,,8
2022-06-24 18:52:42.021759,3767,Navasangir100,#ุดุงุฎุต_ุฌุนู #ุณุฑฺฉูุจ_ุจุงุฒุงุฑ #ุถุฑุฑ_ุณูุงูุฏุงุฑุงู #ูุงุฑุถุงุช ูุชู ุฑุง ุจุฎูุงูุฏ ูุงูุนุช ุชูุฎ ุงุณุช  ๐ุจุง ุชูุงู ุงู ุชูุงุณุฑ ูุง ุชู ูุฑ ุดุฑุงุท ุจูุชุฑู ููุณุงู ูุง ุฑูุฒุงูู ู ููุชฺฏ ุชููุณุชู ุฏุฑุงูุช ฺฉูู  ๐๏ธ @LAENI217,2022-06-22 04:47:04,,,1,,,0,0,,8
2022-06-24 18:34:33.755852,3769,Navasangir100,#ูุฑูุง โก๏ธ 30 ุฏุฑุตุฏ ุงุฒ ุณุฑูุงู ุชุฎุตุต ุฏุงุฏู ุดู  โก๏ธ ุฑููุฏ ุตุนูุฏ ููุช ูุนู โก๏ธ 6200  โก๏ธ ุณฺฏูุงู ููุชฺฏ  ๐๏ธ@LAENI217,2022-06-22 04:48:22,,,3,,,0,0,,8
2022-06-24 18:34:33.632206,3770,Navasangir100,#ูุฑูุง ุตู ุฎุฑุฏ ูพุฑ ูุฏุฑุช ูุจุงุฑฺฉ ุฏูุณุชุงู ุจุงุดู ููุงุฏ ููุชฺฏ ูุง,2022-06-22 14:41:04,,,0,,,1,0,3769,8
2022-06-24 18:34:33.471544,3771,Navasangir100,ุณูุงู  ุฏูุณุชุงู ุนุฒุฒ  ๐ุชููุง ุชุง 24 ูุฑุฏุง  โก๏ธ ุจุง ุชูู ฺฉ ูุงู ุงุดุชุฑุงฺฉ vip  ๐ฺฉ ูุงู ุงุดุชุฑุงฺฉ ุฑุงฺฏุงู ุฏุฑุงูุช ูฺฉูุฏ  โก๏ธ ุฏููุงู ุงุดุชุฑุงฺฉ ฺฉุงุฑ ุจุฑุงุชูู ุซุจุช ูุดู ู ุชุนุทูุงุช ูุญุณูุจ ููุดู  โก๏ธ ุงุฎุฑู ุทุฑุญ ุจูุงุฑ ูุง...   โก๏ธ ูุฑุตุช ุทูุง ุจุฑุง ุฏูุณุชุงู ฺฉู ูููุงุฑู ุฏูุจุงู ุดุฑุงุท ููุงุณุจ ูุณุชูุฏ ๐  โก๏ธ ุนุถูุช  โก๏ธุขููุฒุด ููุณุงูฺฏุฑ โก๏ธ ูพุดุชุจุงู  โก๏ธ ุณฺฏูุงู ุฑูุฒุงูู_ููุชฺฏ  โก๏ธ ุงุนูุงู ูุฑูุฏ ุฎุฑูุฌ  โก๏ธ ุจุฑุง ุฏุฑุฎูุงุณุช ุนุถูุช ุจู ุขุฏ ุงุฏูู ูพุงู ุจุฏุฏ  ๐๏ธ @LAENI217,2022-06-22 14:44:13,,,1,,,0,0,,8
2022-06-24 18:34:33.345991,3772,Navasangir100,#ฺฉ_ูุงู_ุงุดุชุฑุงฺฉ_ูุฏู ๐๐๐๐,2022-06-22 14:44:48,,,0,,,0,0,,8
2022-06-24 18:34:33.198741,3773,Navasangir100,#ุงุฎุฑู_ูุฑุตุช_ุดุฑฺฉุช_ุฏุฑ_ุทุฑุญ_ูุฏู ุชุง_24_ุงูุดุจ  ๐๏ธ @LAENI217,2022-06-24 03:05:55,,,0,,,0,0,,8
2022-06-24 18:52:36.620513,6560,BourseSignalTrade,๐ข ูุณฺฉู: ูุงูุฑูู ุจุฑุง ุฑุงุฒู ุฏุฑุจุงุฑู ุจุฑุฌุงู ุจู ุชูุฑุงู ูโุฑูุฏ  โฆ๏ธุณุฎูฺฏู ูุฒุงุฑุช ุฎุงุฑุฌู ุฑูุณู ุงุฒ ุณูุฑ ุฑูุฒ ฒฒ ู ฒณ ฺูุฆู (ุงูุฑูุฒ ู ูุฑุฏุง) ูุฒุฑ ุฎุงุฑุฌู ุงู ฺฉุดูุฑ ุจู ุชูุฑุงู ุฎุจุฑ ุฏุงุฏ.  โฆ๏ธยซูุงุฑุง ุฒุงุฎุงุฑููุงยป ฺฏูุช ุงูุชุธุงุฑ ูโุฑูุฏ ุฏุฑ ุงู ุณูุฑ ูุฒุฑุงู ุฎุงุฑุฌู ุงุฑุงู ู ุฑูุณู ุฏุฑุจุงุฑู ุชุนุฏุงุฏ ุงุฒ ููุถูุนุงุช ุจูโุงูููู ููู ุงุฒ ุฌููู ูุถุนุช ูพุฑุงููู ุจุฑุฌุงูุ ูุถุนุช ุฏุฑ ุงูฺฉุฑุงูุ ุณูุฑู ู ุงูุบุงูุณุชุงู ฺฏูุชโูฺฏู ฺฉููุฏ. #ุฎุจุฑ  @BourseSignalTrade ฺฉุงูุงู ุจูุฑุณ  @DigitalRamzArzAdmin ุงุฏูู,2022-06-22 09:42:51,,,1,,,0,0,,5
2022-06-24 18:52:36.478467,6561,BourseSignalTrade,#ุฎฺฏุณุชุฑ (1 ุชุฑ 1401) - ุฑูุฒุงูู #ุจุฑุฑุณ_ฺุงุฑุช  @BourseSignalTrade ฺฉุงูุงู ุจูุฑุณ  @DigitalRamzArzAdmin ุงุฏูู,2022-06-22 14:08:02,,,1,,,0,0,,5
2022-06-24 18:52:36.352231,6562,BourseSignalTrade,#ฺฺฉุงูพุง (1 ุชุฑ 1401) - ุฑูุฒุงูู #ุจุฑุฑุณ_ฺุงุฑุช  @BourseSignalTrade ฺฉุงูุงู ุจูุฑุณ  @DigitalRamzArzAdmin ุงุฏูู,2022-06-22 14:08:02,,,1,,,0,0,,5
2022-06-24 18:52:36.242168,6563,BourseSignalTrade,#ฺฉููพุงุฑุณ (1 ุชุฑ 1401) - ุฑูุฒุงูู #ุจุฑุฑุณ_ฺุงุฑุช  @BourseSignalTrade ฺฉุงูุงู ุจูุฑุณ  @DigitalRamzArzAdmin ุงุฏูู,2022-06-22 14:08:02,,,1,,,0,0,,5
2022-06-24 18:52:36.117476,6564,BourseSignalTrade,#ููููู (1 ุชุฑ 1401) - ุฑูุฒุงูู #ุจุฑุฑุณ_ฺุงุฑุช  @BourseSignalTrade ฺฉุงูุงู ุจูุฑุณ  @DigitalRamzArzAdmin ุงุฏูู,2022-06-22 14:08:02,,,1,,,0,0,,5
2022-06-24 18:52:36.007771,6565,BourseSignalTrade,#ุขูพ (1 ุชุฑ 1401) - ุฑูุฒุงูู #ุจุฑุฑุณ_ฺุงุฑุช  @BourseSignalTrade ฺฉุงูุงู ุจูุฑุณ  @DigitalRamzArzAdmin ุงุฏูู,2022-06-22 14:08:02,,,1,,,0,0,,5
2022-06-24 18:52:35.896066,6566,BourseSignalTrade,#ุดุชุฑุงู (1 ุชุฑ 1401) - ุฑูุฒุงูู #ุจุฑุฑุณ_ฺุงุฑุช  @BourseSignalTrade ฺฉุงูุงู ุจูุฑุณ  @DigitalRamzArzAdmin ุงุฏูู,2022-06-22 14:08:02,,,1,,,0,0,,5
2022-06-24 18:52:35.784375,6567,BourseSignalTrade,#ุดุณุชุง (1 ุชุฑ 1401) - ุฑูุฒุงูู #ุจุฑุฑุณ_ฺุงุฑุช  @BourseSignalTrade ฺฉุงูุงู ุจูุฑุณ  @DigitalRamzArzAdmin ุงุฏูู,2022-06-22 14:08:02,,,2,,,0,0,,5
2022-06-24 18:52:35.645113,6568,BourseSignalTrade,๐ขุงูุฑุนุจุฏุงูููุงูุ  ูุฒุฑ ุงููุฑ ุฎุงุฑุฌู ุงุฑุงู ุฎุจุฑ ุฏุงุฏ:   โฆ๏ธ ุจุฑูุงููโุฑุฒโูุง ุจุฑุง ุงุฒ ุณุฑฺฏุฑ ูุฐุงฺฉุฑุงุช ูู ุฏุฑ ุฏุณุชูุฑ ฺฉุงุฑ ูุฑุงุฑ ุฏุงุฑุฏ. #ุฎุจุฑ  @BourseSignalTrade ฺฉุงูุงู ุจูุฑุณ  @DigitalRamzArzAdmin ุงุฏูู,2022-06-23 12:22:04,,,0,,,0,0,,5
2022-06-24 18:52:35.501066,6569,BourseSignalTrade,๐ข ุงูุฑุนุจุฏุงูููุงู: ุชูุงุณโูุง ูุณุชูุฑ ุฏุฑุจุงุฑู ูุฐุงฺฉุฑุงุช ูู ุฏุฑ ุฌุฑุงู ุงุณุช  โฆ๏ธูุฒุฑ ุฎุงุฑุฌู ุงุฑุงู ุฏุฑุจุงุฑู ุงุฑุณุงู ุจุณุชู ูพุดููุงุฏ ุจู ุขูุฑฺฉุง ฺฏูุช: ูุทุงุฑ ุจู ุงุณุชฺฏุงูโูุง ุณุฎุช ุจุฑุง ููุทู ูพุงุงู ุฎูุฏ ุฑุณุฏู ุงุณุช. ุงุฌุงุจ ูโฺฉูุฏ ุชููู ุฏุฑ ฺฉ ุงุณุชฺฏุงู ุฎุงุต ุฑุง ุฏุฑ ูุธุฑ ุจฺฏุฑู.  โฆ๏ธฺฏุงู ุงู ูุงุฒ ู ุฎูุงุณุช ุทุฑูโูุง ูุฐุงฺฉุฑูโฺฉููุฏู ุจุฑุง ูุบู ุชุญุฑูโูุง ุจูุฏู ู ฺฏุงู ุงููุงุช ุจุฑุง ุฌูุน ุจูุฏ ูุฐุงฺฉุฑุงุช ูุงุฒู ุฏุงุดุชู ุชููู ู ูฺฉุซ ุฏุฑ ูุฐุงฺฉุฑุงุช ุงุฌุงุฏ ุดูุฏ.  โฆ๏ธุจูโุฑุบู ุตุฏูุฑ ูุทุนูุงูู ูุงุฏุฑุณุช ู ุบุฑูุนููู ฺฉู ุจุง ูพุดููุงุฏ ุขูุฑฺฉุง ุฏุฑ ุขฺุงูุณ ุชุตูุจ ุดุฏุ ุฏุฑ ููุงุจู ุณู ฺฏุงู ููู ุจุฑุง ุงูุฏุงูุงุช ุงุถุงู ูุณุชูโุง ุงูุฌุงู ุฏุงุฏู ุงุฒ ุฌููู ุฏุฑ ููุถูุน ฒทุฏูุฑุจู ุจุฑุฌุงู ฺฉู ุงุฒ ูุฏุงุฑ ุฎุงุฑุฌ ุดุฏ.   โฆ๏ธุทุฑูโูุง ููุงุจู ุจู ุตูุฑุช ูุดุฎุต ุขูุฑฺฉุงุ ุจูุฑู ู ููุฑุง ุจู ุชูุงุดโูุง ุฎูุฏ ุจุฑุง ุจุงุฒฺฏุดุช ููู ุจู ูุฐุงฺฉุฑุงุช ุงุฏุงูู ูโโุฏููุฏ. ุฏุฑ ุณุงุนุงุช ฺฏุฐุดุชู ุจุงูุฑ ุฏุฑ ุชูุงุณ ูุณุชูุฑ ุจุง ููุฑุง ุจูุฏ ู ูู ูู ุจุง ุจูุฑู.   โฆ๏ธุงูุฏูุงุฑู ุจุชูุงูู ุฏุฑ ุขูุฏู ูุฒุฏฺฉ ุฑู ูุฐุงฺฉุฑุงุช ุฑุง ฺฉู ุฏุฑ ูุณุฑ ุฏุฑุณุช ุฎูุฏุด ูุฑุงุฑ ุฏุงุฑุฏ ูุฌุฏุฏุงู ุงู ูุทุงุฑ ุฑุง ุจุฑ ุฑู ุฑู ุฏุฑ ุฌุฑุงู ู ุญุฑฺฉุช ูฺฏูุฏุงุฑู.  โฆ๏ธูุง ุจู ูุณุฑ ุฏูพููุงุณ ฺฉู ูุณุฑ ุฏุฑุณุช ุงุณุช ุงุฏุงูู ูโุฏูู ู ุจุงุฑ ุฏฺฏุฑ ุขูุฑฺฉุง ุฑุง ุจู ูุงูุนโุจู ุฏุนูุช ูโฺฉูู. ูุงุฑุณ #ุฎุจุฑ  @BourseSignalTrade ฺฉุงูุงู ุจูุฑุณ  @DigitalRamzArzAdmin ุงุฏูู,2022-06-23 12:22:04,,,0,,,0,0,,5
2022-06-24 18:52:35.376364,6570,BourseSignalTrade,๐ขุทุฑุญ ุฌุฏุฏ ุณุงุฒูุงู ุจูุฑุณ ุจุฑุง ุชุถูู ุงุตู ุณุฑูุงู ุณูุงูุฏุงุฑุงู  โฆ๏ธุณุงุฒูุงู ุจูุฑุณ ุงูุฑุงู ุจูุงุฏุงุฑ ุชูุฑุงู ุงุนูุงู ฺฉุฑุฏู ฺฉู ุฏุฑ ุฑุงุณุชุง ุงุฌุงุฏ ุงุทููุงู ุฎุงุทุฑ ุจุฑุง ุณุฑูุงูโฺฏุฐุงุฑุงู ฺฉู ุชูุงู ุฏุงุฑูุฏ ุจู ุตูุฑุช ุบุฑูุณุชูู ุงุฒ ุทุฑู ุตูุฏููโูุง ุณุฑูุงูโฺฏุฐุงุฑ ูุงุฑุฏ ุจุงุฒุงุฑ ุณุฑูุงู ุดููุฏุ ุจุฑุง ุฏู ุตูุฏูู ุณุฑูุงูโฺฏุฐุงุฑ ูุฎุชูุท ุจุง ุชุถูู ุงุตู ูุจูุบ ุณุฑูุงูโฺฏุฐุงุฑ ุฏุฑ ุฏู ูุงูุจ ุชุถูู ุงุตู ูุจูุบ ุณุฑูุงูโฺฏุฐุงุฑ ุชูุณุท ุฑฺฉู ุถุงูู ู ุชุถูู ุงุตู ูุจูุบ ุณุฑูุงูโฺฏุฐุงุฑ ุชูุณุท ุฏุงุฑูุฏฺฏุงู ูุงุญุฏูุง ุณุฑูุงูโฺฏุฐุงุฑ ููุชุงุฒุ ููุงููุช ุงุตูู ุตุงุฏุฑ ฺฉุฑุฏู ุงุณุช.  โฆ๏ธุฏุฑ ุงู ุตูุฏููโูุงุ ุชุถูู ุงุตู ูุจูุบ ุณุฑูุงูโฺฏุฐุงุฑ ุชูุณุท ุฑฺฉู ุถุงููุ ุดุฎุต ุซุงูุซ ุฎุงุฑุฌ ุงุฒ ุณุงุฎุชุงุฑ ุณุฑูุงูโฺฏุฐุงุฑุงู ุตูุฏููุ ุงุตู ูุจูุบ ุณุฑูุงูโฺฏุฐุงุฑ ุฑุง ุฏุฑ ูุจุงู ุฏุฑุงูุช ฺฉุงุฑูุฒุฏ ุถูุงูุช ูโฺฉูุฏ. | ุฑูุงุจุท ุนููู ุณุงุฒูุงู ุจูุฑุณ ู ุงูุฑุงู ุจูุงุฏุงุฑ #ุฎุจุฑ  @BourseSignalTrade ฺฉุงูุงู ุจูุฑุณ  @DigitalRamzArzAdmin ุงุฏูู,2022-06-23 12:22:04,,,3,,,0,0,,5
2022-06-24 18:52:35.200873,6571,BourseSignalTrade,๐ขุจูุฑู ุงูุดุจ ุฏุฑ ุชูุฑุงู ุฎูุงูุฏ ุจูุฏ  โฆ๏ธุณุนุฏ ุฎุทุจ ุฒุงุฏู ุณุฎูฺฏู ูุฒุงุฑุช ุงููุฑ ุฎุงุฑุฌู ุงุฒ ุณูุฑ ุงูุดุจ ุฌูุฒูพ ุจูุฑู ููุงูุฏู ุนุงู ุณุงุณุช ุฎุงุฑุฌ ู ุงููุฑ ุงููุช ุงุชุญุงุฏู ุงุฑููพุง ุจู ุชูุฑุงู ุจุฑุง ุฏุฏุงุฑ ุจุง ูุฒุฑ ุงููุฑโ ุฎุงุฑุฌู ฺฉุดูุฑูุงู ู ุจุฑุฎโ ุฏฺฏุฑ ุงุฒ ููุงูุงุช ุฌูููุฑ ุงุณูุงู ุงุฑุงู ุฎุจุฑ ุฏุงุฏ.  โฆ๏ธุจู ฺฏูุชู ุณุฎูฺฏู ูุฒุงุฑุช ุงููุฑ ุฎุงุฑุฌู ุฏุฑ ุงู ุณูุฑ ฺฉู ุฏุฑ ฺุงุฑฺูุจ ุฑุงุฒูโูุง ุฌุงุฑ ูุงู ุงุฑุงู ู ุงุชุญุงุฏู ุงุฑููพุง ุงูุฌุงู ู ุดูุฏ ุฏุฑ ุฎุตูุต ููุงุณุจุงุช ุฏูุฌุงูุจูุ ุจุฑุฎ ููุถูุนุงุช ููุทููโุง ู ุจูโุงูููู ู ููฺูู ุขุฎุฑู ูุถุนุช ูุฐุงฺฉุฑุงุช ุฑูุน ุชุญุฑูโูุง ุจุญุซ ู ุชุจุงุฏู ูุธุฑ ุตูุฑุช ุฎูุงูุฏ ฺฏุฑูุช. #ุฎุจุฑ  @BourseSignalTrade ฺฉุงูุงู ุจูุฑุณ  @DigitalRamzArzAdmin ุงุฏูู,2022-06-24 08:49:36,,,0,,,0,0,,5
2022-06-24 18:52:35.059243,6572,BourseSignalTrade,#ุฏุฑุฎูุงุณุช #ุฎูุฏุฑู ุดุงูุฏ ูพููุจฺฉ ุจู ุฎุท ุฑููุฏ ุดฺฉุณุชู ุดุฏู ู ูุงฺฉูุด ุจู ุงู ูุญุฏูุฏู ูุณุชูุ ููุฒูุงู ูุงฺฉูุด ุจู ุงู ูุญุฏูุฏู ุจุง ูุฑุงุฑฺฏุฑ RSI ุฑู ูุญุฏูุฏูโ ุญูุงุช (ุงุดุจุงุน ูุฑูุด) ู ุงุฌุงุฏ ฺฉ ฺฉู ุจุงูุงุชุฑ(ูููุฑ) ููุช ู ฺฉุฑุงุณ MACD ุจุงุนุซ ุงุฌุงุฏ ุฏุฏฺฏุงู ูุซุจุช ูุณุจุช ุจู ุฑุดุฏ ฺฉูุชุงู ูุฏุช ุงู ููุงุฏ ุดุฏู ุงุณุช ฺฉู ุฏุฑ ุตูุฑุช ุดฺฉุณุช 218 ุชููุงูุ ุชุงุฏ ุฎูุงูุฏ ุดุฏ ู ุชุง ูุญุฏูุฏูโูุง ูุดุฎุต ุดุฏู ุฑู ฺุงุฑุช ุงุญุชูุงู ุฑุดุฏ ุฎูุงูุฏ ุฏุงุดุช.  @BourseSignalTrade ฺฉุงูุงู ุจูุฑุณ  @DigitalRamzArzAdmin ุงุฏูู,2022-06-24 08:49:37,,,1,,,0,0,,5
2022-06-24 18:52:34.918626,6573,BourseSignalTrade,#ุฏุฑุฎูุงุณุช #ุดุจูุฏุฑ ุฏุฑ ุดุฑุงุท ฺฉู ููฺูุงู ุฏุฑฺฏุฑ ุนุจูุฑ ุงุฒ ุณูู ฺฉุงูุงู ูุฒูู ุงุณุช ุจุง ูุงุตููโ 40 ุฏุฑุตุฏ ุชุง ุณูู ุชุงุฑุฎ ู ูุถุนุช ููุช ููุช ู ฺฉุฑฺฉ ุงุณูพุฑุฏ ูุญุตููุงุช ุชููุฏ ุงู ุดุฑฺฉุชุ ูพุด ุจู ูโุดูุฏ ูุณุฑ ูููุงุฑ ุจุฑุง ุฑุดุฏ ุงู ููุงุฏ ููุง ุจุงุดุฏุ ููู ุชุฑู ุฑูุฏุงุฏูุง ูพุด ุฑู ุงู ููุงุฏุ ฺฏุฒุงุฑุด ุญุณุงุจุฑุณ ุดุฏูโ ุณุงูุงูู ู ููฺูู ฺฏุฒุงุฑุด ุณู ูุงูู ูุตู ุจูุงุฑ ุงุณุช ฺฉู ุจุง ุชูุฌู ุจู ุงูุฒุงุด ูุงุจู ุชูุฌู ฺฉุฑฺฉ ุงุณูพุฑุฏ ุงุฒ ุงุณููุฏ ูุงู ุณุงู ฺฏุฐุดุชูุ ุงูุชุธุงุฑ ูุฑโุฑูุฏ ูุฒุงู ุณูุฏุณุงุฒ ุงู ุฑุณุชู ูุฑุง ุชุตูุฑ ุจุงุดุฏุ ุจุง ุงูุญุงู ููฺูุงู ุฑุณฺฉ ุฏุณุช ุฏุฑุงุฒ ุฏููุช ุจู ุฌุจ ูพุงูุงุดโูุง ูุฌูุฏ ุฏุงุฑุฏ ฺฉู ุงุฒ ุฑุณฺฉูุง ูุงุจู ุชูุฌู ู ุชุงุซุฑ ฺฏุฐุงุฑ ุฎูุงูุฏ ุจูุฏ.   @BourseSignalTrade ฺฉุงูุงู ุจูุฑุณ  @DigitalRamzArzAdmin ุงุฏูู,2022-06-24 08:49:37,,,6,,,0,0,,5
2022-06-24 18:52:34.776011,6574,BourseSignalTrade,#ุฏุฑุฎูุงุณุช #ุดูพูุง ุฏุฑ ุนุจูุฑ ุงุฒ ุณูู ฺฉุงูุงู ุตุนูุฏุ ุถุนู ุนูู ฺฉุฑุฏูุ ููฺูู ูุถุนุช ุงูุฏฺฉุงุชูุฑ ูุง ุณุฑูุงู ฺฏุฐุงุฑ ุฑู ุงู ุณูู ุฑุง ุฏุฑ ุงู ูุญุฏูุฏูโูุง ุจุง ุฑุณฺฉ ููุงุฌู ฺฉุฑุฏู ุงุณุช ู ุจู ูุธุฑ ูโุฑุณุฏ ููฺูุงู ุงุตูุงุญ ุฒูุงู ู ููุช ุฑุง ูพุด ุฑู ุฏุงุดุชู ุจุงุดุฏ. ุจุง ุงู ุญุงู ุขูฺู ฺฉู ุฏุฑ ุจุฑุฑุณ ุณูู #ุดุจูุฏุฑ ุฐฺฉุฑ ุดุฏุ ุนู ูุถุนุช ููุช ููุช ู ฺฉุฑฺฉ ุงุณูพุฑุฏ ูุญุตููุงุช ุชููุฏ ุชูุณุท ูพุงูุงุดโูุงุ ู ฺฏุฒุงุฑุด ุณุงู ฺฏุฐุดุชู ู ููฺูู ูุตู ุจูุงุฑุ ูโุชูุงูุฏ ุชุงุซุฑ ุจุณุงุฑ ููู ุฑู ุนุฑุถู ู ุชูุงุถุง ุงู ููุงุฏ ูู ุฏุงุดุชู ุจุงุดุฏ.  @BourseSignalTrade ฺฉุงูุงู ุจูุฑุณ  @DigitalRamzArzAdmin ุงุฏูู,2022-06-24 08:49:37,,,4,,,0,0,,5
2022-06-24 18:34:30.510739,6575,BourseSignalTrade,#ุฏุฑุฎูุงุณุช #ูพุงูุงุด ููุชโ ููฺูุงู ุฏุฑุญุงู ุงุตูุงุญ ู ุญุฑฺฉุช ุจู ุณูุช ููุงุทู ุญูุงุช (ูพููุจฺฉ ุจู ุฎุท ุฑููุฏ ุดฺฉุณุชู ุดุฏู) ูุถุนุช ุงูุฏฺฉุงุชูุฑูุง ูุฒ ุจู ุดฺฉู ุงุณุช ฺฉู ุจู ูุธุฑ ูโุฑุณุฏ ูุถุนุช ุฑุง ุจุฑุง ุตุนูุฏ ููุงุณุจ ูุจุงุดุฏ. ุจุง ุงูุญุงู ุงุฑุงุฆูโ ฺฏุฒุงุฑุดุงุช ูุซุจุช ุฏุฑ ุฑุณุชูโ ูพุงูุงุดโูุง ู ุงูุฒุงุด ููุช ู ุจูุจูุฏ ุชูุงุถุงุ ูุชูุงูุฏ ุจุงุนุซ ุงุฌุงุฏ ุจูุจูุฏ ูุถุนุช ุตูุฏูู ETF ูพุงูุงุด ูุฒ ุจุดูุฏ.   @BourseSignalTrade ฺฉุงูุงู ุจูุฑุณ  @DigitalRamzArzAdmin ุงุฏูู,2022-06-24 11:49:39,,,4,,,0,0,,5
2022-06-24 18:34:30.385115,6576,BourseSignalTrade,#ุฏุฑุฎูุงุณุช #ุฎุณุงูพุง ูุงฺฉูุด ุจู ูุญุฏูุฏูโ ุญูุงุช(ุฎุท ุฑููุฏ ุตุนูุฏ ู ุญูุงุช ุงุณุชุงุชฺฉ) ู ููุฒูุงู ฺฉุฑุงุณ ูุซุจุช MACD ู ู ุชุดฺฉู ุฑููุฏ ุตุนูุฏ RSI ู ููฺูู ุชุดฺฉู (ุงุญุชูุงู) ุงูฺฏู ฺฉู ุฏููููุ ูโุชูุงูุฏ ููุฌุฑ ุจู ุตุนูุฏ ููุช ุณูู ุฏุฑ ุจุงุฒูโ ฺฉูุชุงู ูุฏุช ุดูุฏ. ุงูุชุดุงุฑ ุฎุจุฑ ููุช ฺฏุฐุงุฑ ุจููฺฉ ุฎูุฏุฑู ูุง ุฏุฑ ููุชูโ ูพุด ุฑูุ ุฏุฑ ุตูุฑุช ฺฉู ุนุฏุฏ ู ุฑูู ูุง ุฌุฐุงุจ ุงุนูุงู ุดูุฏ ูโุชูุงูุฏ ุฌู ุจูุชุฑ ุฏุฑ ุฑุณุชูโ ุฎูุฏุฑู ูุง ุงุฌุงุฏ ฺฉูุฏ ฺฉู ุจุงุนุซ ุงูุฒุงุด ุชูุงุถุง ุดูุฏ.  @BourseSignalTrade ฺฉุงูุงู ุจูุฑุณ  @DigitalRamzArzAdmin ุงุฏูู,2022-06-24 11:49:39,,,4,,,0,0,,5
2022-06-24 18:34:30.225537,6577,BourseSignalTrade,#ุฏุฑุฎูุงุณุช #ุฎฺฏุณุชุฑ ฺฉุฑุงุณ ูุซุจุช MACD ูุงฺฉูุด ูุซุจุช ูุณุจุช ุจู ูุฑุงุฑ ฺฏุฑ ุฏุฑ ูุญุฏูุฏูโ ุญูุงุช ููุช ู RSI ุฏุฑ ุตูุฑุช ุจูุจูุฏ ุดุฑุงุท ุจุงุฒุงุฑุ ุงุญุชูุงู ุดฺฉุณุชู ุณูู ฺฉุงูุงู ูุฒูู ฺฉูุชุงู ูุฏุช (ูุดฺฉูฺฉ ุจู ุงูฺฏู ูพุฑฺู)  @BourseSignalTrade ฺฉุงูุงู ุจูุฑุณ  @DigitalRamzArzAdmin ุงุฏูู,2022-06-24 14:40:04,,,1,,,0,0,,5
2022-06-24 18:34:30.101973,6578,BourseSignalTrade,#ุฏุฑุฎูุงุณุช #ุณุชุฑุงู ูุฑุงุฑฺฏุฑ RSI ุฏุฑ ูุญุฏูุฏูโ ููุงููุช (ุงุดุจุงุน ุฎุฑุฏ) ุดฺฉุณุชู ุดุฏู ุฎุท ุฑููุฏ ูุฒูู ูุดฺฉูฺฉ ุจู ูุงฺฏุฑุง RSI ูุฑุงุฑฺฏุฑ ุฏุฑ ูุญุฏูุฏูโ ููุงููุช ุงุณุชุงุชฺฉ (ุณูู ูุจู)  @BourseSignalTrade ฺฉุงูุงู ุจูุฑุณ  @DigitalRamzArzAdmin ุงุฏูู,2022-06-24 14:40:04,,,1,,,0,0,,5
2022-06-24 18:34:29.983841,6579,BourseSignalTrade,#ุฏุฑุฎูุงุณุช #ูุฑูุฒ ฺฉุฑุงุณ ูุซุจุช MACD ุดฺฉุณุชู ุดุฏู ุฎุท ุฑููุฏ ุตุนูุฏ ฺฉูุชุงู ูุฏุช! ุญุฑฺฉุช ุจุง ุฎุท ุฑููุฏ ูุฒููRSI  @BourseSignalTrade ฺฉุงูุงู ุจูุฑุณ  @DigitalRamzArzAdmin ุงุฏูู,2022-06-24 14:40:04,,,0,,,0,0,,5
2022-06-24 18:52:38.954969,8138,Bozorgane_tse,๐๐โ  ุณููู #ุฎุฑุฏ_ฺฏุฑูู ๐ #ุณูฺฏุง  ๐ 01/03/29  ๐ ุตู ุฎุฑุฏ  @bozorgane_tse ๐  109 ฺฉุฏ ุญูู ุฌูุนุงู : 9 ููุงุฑุฏ ู 219 ูููู ุชููุงู ูุฑ ฺฉุฏุงู : 85 ูููู ุชููุงู  ๐ = 2.4 โฌ๏ธ ๐ฐ= 8040 โ๏ธ= 09:48,2022-06-19 05:31:27,,,1,2022-06-19 05:32:27,1,0,0,,4
2022-06-24 18:52:38.821726,8139,Bozorgane_tse,๐๐โ  ุงููู #ุฎุฑุฏ_ฺฏุฑูู ๐ #ููุณุงูพุง  ๐ 01/03/29  ๐ ุตู ุฎุฑุฏ  @bozorgane_tse ๐  7 ฺฉุฏ ุญูู ุฌูุนุงู : 3 ููุงุฑุฏ ู 593 ูููู ุชููุงู ูุฑ ฺฉุฏุงู : 513 ูููู ุชููุงู  ๐ = 2.5  ๐ฐ= 1652 โ๏ธ= 09:50,2022-06-19 05:31:38,,,3,2022-06-19 05:32:34,1,0,0,,4
2022-06-24 18:52:38.722669,8140,Bozorgane_tse,,2022-06-20 04:59:02,,,0,,,0,0,,4
2022-06-24 18:52:38.607792,8141,Bozorgane_tse,๐๐โ  ุฏููู #ุฎุฑุฏ_ฺฏุฑูู ๐ #ุณูพุงูุง  ๐ 01/03/30  ๐ ูุซุจุช 5.8  @bozorgane_tse ๐  36 ฺฉุฏ ุญูู ุฌูุนุงู : 4 ููุงุฑุฏ ู 180 ูููู ุชููุงู ูุฑ ฺฉุฏุงู : 116 ูููู ุชููุงู  ๐ = 3.7 โฌ๏ธ ๐ฐ= 12220 โ๏ธ= 09:04,2022-06-20 04:59:18,,,3,,,0,0,,4
2022-06-24 18:52:38.481787,8142,Bozorgane_tse,๐๐โ  ุงููู #ุฎุฑุฏ_ฺฏุฑูู ๐ #ูุณุงูพุง  ๐ 01/03/30  ๐ ุตู ุฎุฑุฏ  @bozorgane_tse ๐  58 ฺฉุฏ ุญูู ุฌูุนุงู : 7 ููุงุฑุฏ ู 449 ูููู ุชููุงู ูุฑ ฺฉุฏุงู : 128 ูููู ุชููุงู  ๐ = 1.8  ๐ฐ= 4977 โ๏ธ= 09:06,2022-06-20 04:59:28,,,1,2022-06-20 05:38:41,1,0,0,,4
2022-06-24 18:52:38.355916,8143,Bozorgane_tse,โ๏ธ  ฺูุงุฑูู #ุฎุฑุฏ_ุชฺฉ ๐ #ูุจูุนู  ๐ 01/03/30  ๐ ูุซุจุช 5.3  @bozorgane_tse ๐  2 ฺฉุฏ ุญูู ุฌูุนุงู : 663 ูููู ุชููุงู ูุฑ ฺฉุฏุงู : 331 ูููู ุชููุงู  ๐ = 2.2 โฌ๏ธ ๐ฐ= 4439 โ๏ธ= 10:26,2022-06-20 06:27:14,,,1,2022-06-20 07:08:30,1,0,0,,4
2022-06-24 18:52:38.232175,8144,Bozorgane_tse,๐ฅ  ุงููู #ูุฑูุด_ููู ๐ #ุจููุชู  ๐ 01/03/30  ๐ ุตู ูุฑูุด  @bozorgane_tse ๐  1 ฺฉุฏ ุญูู ุฌูุนุงู : 1 ููุงุฑุฏ ู 52 ูููู ุชููุงู ูุฑ ฺฉุฏุงู : 1 ููุงุฑุฏ ู 52 ูููู ุชููุงู  โค๏ธ = 4  ๐ฐ= 2887 โ๏ธ= 10:11,2022-06-20 06:27:37,,,1,,,0,0,,4
2022-06-24 18:52:38.111467,8145,Bozorgane_tse,๐๐โ  ุดุดูู #ุฎุฑุฏ_ฺฏุฑูู ๐ #ูุง_ูุจ  ๐ 01/03/30  ๐ ุตู ุฎุฑุฏ  @bozorgane_tse ๐  25 ฺฉุฏ ุญูู ุฌูุนุงู : 4 ููุงุฑุฏ ู 930 ูููู ุชููุงู ูุฑ ฺฉุฏุงู : 197 ูููู ุชููุงู  ๐ = 2.2 โฌ๏ธ ๐ฐ= 9870 โ๏ธ= 10:35,2022-06-20 06:27:51,,,4,2022-06-20 06:30:32,1,0,0,,4
2022-06-24 18:52:38.001796,8146,Bozorgane_tse,,2022-06-21 05:30:39,,,0,,,0,0,,4
2022-06-24 18:52:37.885078,8147,Bozorgane_tse,๐๐โ  ุงููู #ุฎุฑุฏ_ฺฏุฑูู ๐ #ุญฺฉุดุช  ๐ 01/03/31  ๐ ุตู ุฎุฑุฏ  @bozorgane_tse ๐  57 ฺฉุฏ ุญูู ุฌูุนุงู : 7 ููุงุฑุฏ ู 871 ูููู ุชููุงู ูุฑ ฺฉุฏุงู : 138 ูููู ุชููุงู  ๐ = 2.6  ๐ฐ= 20500 โ๏ธ= 09:25,2022-06-21 05:30:44,,,2,2022-06-21 09:37:33,1,0,0,,4
2022-06-24 18:52:37.716507,8148,Bozorgane_tse,๐ฅ  ุงููู #ูุฑูุด_ููู ๐ #ูุซุงุจุช  ๐ 01/03/31  ๐ ุตู ูุฑูุด  @bozorgane_tse ๐  1 ฺฉุฏ ุญูู ุฌูุนุงู : 672 ูููู ุชููุงู ูุฑ ฺฉุฏุงู : 672 ูููู ุชููุงู  โค๏ธ = 3.6  ๐ฐ= 2929 โ๏ธ= 09:16,2022-06-21 05:30:56,,,1,2022-06-21 05:31:36,1,0,0,,4
2022-06-24 18:52:37.604624,8149,Bozorgane_tse,๐ฅ  ุงููู #ูุฑูุด_ููู ๐ #ุฎฺุฑุฎุด  ๐ 01/03/31  ๐ ุตู ูุฑูุด  @bozorgane_tse ๐  1 ฺฉุฏ ุญูู ุฌูุนุงู : 931 ูููู ุชููุงู ูุฑ ฺฉุฏุงู : 931 ูููู ุชููุงู  โค๏ธ = 10  ๐ฐ= 19740 โ๏ธ= 09:51,2022-06-21 05:31:06,,,0,2022-06-21 05:41:55,1,0,0,,4
2022-06-24 18:52:37.480955,8150,Bozorgane_tse,๐ฅ  ุณููู #ูุฑูุด_ููู ๐ #ูุขุฐุฑ  ๐ 01/03/31  ๐ ุตู ูุฑูุด  @bozorgane_tse ๐  1 ฺฉุฏ ุญูู ุฌูุนุงู : 588 ูููู ุชููุงู ูุฑ ฺฉุฏุงู : 588 ูููู ุชููุงู  โค๏ธ = 1.3 โฌ๏ธ ๐ฐ= 80680 โ๏ธ= 11:56,2022-06-21 08:01:52,,,0,,,0,0,,4
2022-06-24 18:52:37.368792,8151,Bozorgane_tse,โ๏ธ  ฺูุงุฑูู #ุฎุฑุฏ_ุชฺฉ ๐ #ุณุจุฒูุง  ๐ 01/03/31  ๐ ููู 2.2  @bozorgane_tse ๐  1 ฺฉุฏ ุญูู ุฌูุนุงู : 454 ูููู ุชููุงู ูุฑ ฺฉุฏุงู : 454 ูููู ุชููุงู  โค๏ธ = 1.3 โฌ๏ธ ๐ฐ= 3389 โ๏ธ= 12:07,2022-06-21 08:02:04,,,8,2022-06-21 09:53:05,1,0,0,,4
2022-06-24 18:52:37.247118,8152,Bozorgane_tse,,2022-06-22 06:05:57,,,0,,,0,0,,4
2022-06-24 18:34:31.513137,8153,Bozorgane_tse,๐๐โ  ุณููู #ุฎุฑุฏ_ฺฏุฑูู ๐ #ุฎฺฏุณุชุฑ  ๐ 01/04/01  ๐ ุตู ุฎุฑุฏ  @bozorgane_tse ๐  56 ฺฉุฏ ุญูู ุฌูุนุงู : 8 ููุงุฑุฏ ู 156 ูููู ุชููุงู ูุฑ ฺฉุฏุงู : 146 ูููู ุชููุงู  ๐ = 2.7 โฌ๏ธ ๐ฐ= 3618 โ๏ธ= 09:45,2022-06-22 06:06:02,,,3,2022-06-22 07:18:25,1,0,0,,4
2022-06-24 18:34:31.387357,8154,Bozorgane_tse,๐๐โ  ุงููู #ุฎุฑุฏ_ฺฏุฑูู ๐ #ุญฺฉุดุช  ๐ 01/04/01  ๐ ุตู ุฎุฑุฏ  @bozorgane_tse ๐  52 ฺฉุฏ ุญูู ุฌูุนุงู : 7 ููุงุฑุฏ ู 224 ูููู ุชููุงู ูุฑ ฺฉุฏุงู : 139 ูููู ุชููุงู  ๐ = 2 โฌ๏ธ ๐ฐ= 21450 โ๏ธ= 10:14,2022-06-22 06:06:32,,,2,2022-06-22 06:11:59,1,0,0,,4
2022-06-24 18:34:31.245833,8155,Bozorgane_tse,๐๐โ  ุงููู #ุฎุฑุฏ_ฺฏุฑูู ๐ #ูุขุฐุฑ  ๐ 01/04/01  ๐ ููู 4.9  @bozorgane_tse ๐  10 ฺฉุฏ ุญูู ุฌูุนุงู : 2 ููุงุฑุฏ ู 168 ูููู ุชููุงู ูุฑ ฺฉุฏุงู : 217 ูููู ุชููุงู  ๐ = 1  ๐ฐ= 78230 โ๏ธ= 10:23,2022-06-22 06:06:46,,,5,2022-06-22 06:41:28,1,0,0,,4
2022-06-24 18:34:31.119221,8156,Bozorgane_tse,๐ฅ  ุงููู #ูุฑูุด_ููู ๐ #ุฎูููุง  ๐ 01/04/01  ๐ ุตู ุฎุฑุฏ  @bozorgane_tse ๐  1 ฺฉุฏ ุญูู ุฌูุนุงู : 471 ูููู ุชููุงู ูุฑ ฺฉุฏุงู : 471 ูููู ุชููุงู  ๐ = 2.3 โฌ๏ธ ๐ฐ= 19760 โ๏ธ= 11:23,2022-06-22 07:15:47,,,2,2022-06-22 07:37:40,1,0,0,,4
2022-06-24 18:34:31.004820,8157,Bozorgane_tse,๐  ุณููู #ุฎุฑุฏ_ููู ๐ #ุณุจุฒูุง  ๐ 01/04/01  ๐ ุตู ุฎุฑุฏ  @bozorgane_tse ๐  1 ฺฉุฏ ุญูู ุฌูุนุงู : 439 ูููู ุชููุงู ูุฑ ฺฉุฏุงู : 439 ูููู ุชููุงู  ๐ = 10 โฌ๏ธ ๐ฐ= 3516 โ๏ธ= 11:24,2022-06-22 07:16:06,,,8,2022-06-23 06:02:09,1,0,0,,4
2022-06-24 18:52:50.114793,10841,burs_signal,#ุฎูุฏุฑู  #ุฎุณุงูพุง ุงูุฏูุงุฑู ุฑูุฒ ฺฉู #ุฎูุฏุฑู ุจู 420 ุชููุงู ู #ุฎุณุงูพุง ุจู 360 ุชููุงู ูุฑุณู ุงู ฺฉุงูุงู ูุง ฺฉู ุจุง ููู ุฎูุฑุฏู ุงู ฺูุฏ ุฑูุฒ ุฏู ุชุง ุณูู ุจุณุงุท ุฏุฏุฏ ฺฏูุชู ุฑุงู ุงูุฏุงุฎุชูุฏ ุจุชูููุฏ ุชู ุฑู ููุช ูฺฏุงู ฺฉููุฏ! 1401/03/07,2022-05-28 05:43:23,,,9,2022-05-28 06:26:21,1,0,0,,10
2022-06-24 18:52:49.975007,10842,burs_signal,#ูุจุตุงุฏุฑ ดฐ ุชููุงู ุณุงู นธ ุฎุงุทุฑุชูู ูุณุชุุ ุงู #ูุจุตุงุฏุฑ ฑนต ุชููุงู ุงุฒ ููุช ุงูู ุณุงู ูู ููุช ุชุฑ ูุณุช! ฑดฐฑ/ฐณ/ฑฐ,2022-05-31 05:06:28,,,12,2022-05-31 05:11:52,1,0,0,,10
2022-06-24 18:52:49.818391,10843,burs_signal,#ุงุฑุฒ_ุฏุฌุชุงู ุฏูุณุชุงู ฺฉู ุงุฒ ุณฺฏูุงู ูุง #ุฌุงูุงูุฏู ูุจูุง ุงุณุชูุงุฏู ฺฉุฑุฏูุฏ ุจุงุฏ ุนุฑุถ ฺฉูู ุจุฑุง ูุซุงู ุงุฑุฒ #ุงุชุฑูู ุฑู ฒนฐฐ ู ณตฐฐ ุฏูุงุฑ ุฌุงูุงูุฏู ุฏุงุฑูุ ุงู ุนู ุงู ฺฉู ุงุชุฑูู ุญุช ุงฺฏุฑ ุจุฎูุงูุฏ ฑ ุฏูุงุฑ ุดูุฏ ูุจูุด ุญุชูุง ุจุงุฏ ฺฉ ุณุฑ ุจู ุงู ุฏู ุชุง ููุช ุจุฒูุฏุ ููุช ูุนู ุงุชุฑูู ฑฒฐฐ ุฏูุงุฑ!,2022-06-14 13:11:01,,,2,,,0,0,,10
2022-06-24 18:52:49.694481,10844,burs_signal,#ุบูุงุฑฺฏ,2022-06-19 07:40:12,,,1,,,0,0,,10
2022-06-24 18:52:49.540420,10845,burs_signal,#ุฎุณุงูพุง,2022-06-19 07:40:12,,,2,,,0,0,,10
2022-06-24 18:34:37.290446,10846,burs_signal,#ูุจุตุงุฏุฑ,2022-06-19 07:40:13,,,2,,,0,0,,10
2022-06-24 18:34:37.149484,10847,burs_signal,#ุบูุงุฑฺฏ ุฑู ุญูุงุช ูุนุชุจุฑ ูุฑุงุฑ ฺฏุฑูุชูุ ุจุฑุฑุณ ฺฉูุฏ ุฏูุณุชุงู โ,2022-06-21 05:13:10,,,0,,,1,0,10844,10
2022-06-24 18:34:37.023783,10848,burs_signal,ฺฉุงููุง ูุดุฎุตู ุฏุงุฑู ุขุฎุฑู ุณูู ูุงุฑู ุฑู ุญูุงุช ุงุฒุฏุณุช ุณูุงูุฏุงุฑุงู ุฎุฑุฏ ุฌูุน ู ฺฉููุฏุ ุชุงุฑฺฏุช 400 ุชููุงู ุจุฑุง ุณูู ูุนุงู ูุณุช โ,2022-06-21 06:09:46,,,0,2022-06-21 06:10:06,1,0,0,,10
2022-06-24 18:34:36.878860,10849,burs_signal,#ุบูุงุฑฺฏ ุขุฏู ุฎูุฏุด ูฺฏุฑู ูุงูุนุง! ุณูู ฺฉู ุชุง ุณุงุนุช 11 ูู ุจู ุณุจุฒ ุดุฏู ุฏุงุดุช ุจู ฺฉุจุงุฑู ุฑูุฌ ููู ูุฒููุฏ ุชุง ุตู ูุฑูุด! ุจุงุฒุงุฑฺฏุฑุฏุงู ูู ฺฉู ุญฺฉู ููุฌ ุฑู ุฏุงุฑูุฏุ 30 ูููู ุณูู ุชู ุงูุฌ ูุฑูุฎุชู ุงูุงู ูุดุณุชู ุชุฎูู ูุดฺฉููุ ุนููุง ุดุฑฺฉุช ูุง ุจุง ฺฉุณุฑ ูุงุดุฎูุฑ ูุฑุงุฑุฏุงุฏ ุจุณุชูุฏ ุงูู ุฒูุงู ุชุง ููุท ุงุฒ ุฎูู ุณูุงูุฏุงุฑุง ุชุบุฐู ฺฉููุฏุ ุฑู ุงู ุณูู ุณูุงูุฏุงุฑ ฺฉูุฏ ุชุงุฑฺฏุช 400 ุชููุงู ุจุฑุงุด ูุนุงู ูุณุช. 1401/03/31,2022-06-21 06:49:31,,,0,,,0,0,,10
2022-06-24 18:34:36.729046,10850,burs_signal,#ุบูุงุฑฺฏ โ๏ธ,2022-06-22 06:40:25,,,0,,,1,0,10848,10
2022-06-24 18:52:48.882888,12699,bartarinsahm,#ุจููุชู ุงูุฑูุฒ ู ุชููู ุฏููู ุตู ุฎุฑุฏุด ุจุงุดู   โญโโโโใ๐พใ @bartarinsahm  1401/04/01 โฐโโโคโฅแญโใ๐พใ,2022-06-22 04:50:26,,,0,,,1,0,12686,2
2022-06-24 18:52:48.743266,12700,bartarinsahm,#ูุดุฑ  ุตู ูุฑูุด   โญโโโโใ๐พใ @bartarinsahm  1401/04/01 โฐโโโคโฅแญโใ๐พใ,2022-06-22 04:53:23,,,0,,,1,0,12689,2
2022-06-24 18:52:48.601764,12701,bartarinsahm,#ุจูู ุจู ุงุญุชูุงู ูุฑุงูุงู ุณุจุฒ ุฎูุงูุฏ ุดุฏ   โญโโโโใ๐พใ @bartarinsahm  1401/04/01 โฐโโโคโฅแญโใ๐พใ,2022-06-22 05:00:28,,,1,,,0,0,,2
2022-06-24 18:52:48.462803,12702,bartarinsahm,๐,2022-06-22 05:03:17,,,0,,,1,0,12691,2
2022-06-24 18:52:48.321856,12703,bartarinsahm,#ุญฺฏุฑุฏุด ุณููู ุตู ุฎุฑุฏ   โญโโโโใ๐พใ @bartarinsahm  1401/04/01 โฐโโโคโฅแญโใ๐พใ,2022-06-22 06:04:39,,,0,,,1,0,12692,2
2022-06-24 18:52:48.194508,12704,bartarinsahm,ุงูฺฏุงุฑ ุฏุงุฑู #ุจููุชู ุฑู ุฎุงู ู ฺฉูู ฺฉู ุงุญุชุงุท ฺฉูู  โญโโโโใ๐พใ @bartarinsahm  1401/04/01 โฐโโโคโฅแญโใ๐พใ,2022-06-22 06:10:12,,,0,,,1,0,12699,2
2022-06-24 18:52:48.039615,12705,bartarinsahm,#ุณุงูุง ุฏุฑูุฒ ููู 5 ฺฏูุชู ุงููุฏ ุชุง ุตูุฑ ุชุงุจูู ุงูุฑูุฒ ู ุชููู ุจุฑู ุชุง ุตู ุฎุฑุฏ  โญโโโโใ๐พใ @bartarinsahm  1401/04/01 โฐโโโคโฅแญโใ๐พใ,2022-06-22 07:07:40,,,0,,,1,0,12683,2
2022-06-24 18:52:47.897369,12706,bartarinsahm,#ุณุงูุง  ู ุตู ุฎุฑุฏ โญโโโโใ๐พใ @bartarinsahm  1401/04/01 โฐโโโคโฅแญโใ๐พใ,2022-06-22 08:02:04,,,0,2022-06-22 08:03:50,1,1,0,12705,2
2022-06-24 18:52:47.754465,12707,bartarinsahm,ุขุฎุฑ ููุชู ุฎูุจ ุฏุงุดุชู ุจุงุดุฏ,2022-06-22 08:02:12,,,0,2022-06-22 08:03:54,1,0,0,,2
2022-06-24 18:52:47.643679,12708,bartarinsahm,#ููู #ุงูุดุง_ุงุทูุงุนุงุช_ุจุงุงููุช - (ูุชุงุฌ ุดุฑฺฉุช ุฏุฑ ููุงูุตู - ฺฏุฑูู ุงูู) ููุชู ุจู ุณุงู ูุงู 1401/12/29 ุดุฑฺฉุช ุจูู ููู,2022-06-22 11:15:37,,,1,,,1,0,12672,2
2022-06-24 18:52:47.535232,12709,bartarinsahm,#ููู,2022-06-22 11:16:58,,,0,,,0,0,,2
2022-06-24 18:52:47.423765,12710,bartarinsahm,#ุดุงุฎุต_ฺฉู ุจู ูุธุฑ ุงุตูุงุญ ุดุงุฎุต ฺฉู ุงุฏุงูู ุฏุงุฑ ุฎูุงูุฏ ุจูุฏ ู ุจู ูุฑุณุงุด ุจูุฏู ุฎูุฏ ุงุฏุงูู ุฎูุงูุฏ ุฏุงุฏ . ุงู ุงุตูุงุญ ู ุชูุงูุฏ ุชุง ูุญุฏูุฏู 1504000 ุงู 1505000 ูุงุญุฏ ุงุฏุงูู ุฏุงุดุชู ุจุงุดุฏ . ููฺูุงู ูุญุฏูุฏู ุฎุฑูุฌ ุงุฒ ุจุงุฒุงุฑ ุฑู 1477000 ุงู 1480000 ุฏุฑ ูุธุฑ ุฎูุงูู ุฏุงุดุช . ุฏุฑ ุตูุฑุช ุญูุงุช ุงุฒ ุดุงุฎุต ุ ุจุงุฑ ุฏฺฏุฑ ุฑููุฏ ุตุนูุฏ ุดุงุฎุต ุชุง ูุญุฏูุฏู 1607000 ุฎูุงูุฏ ุจูุฏ ุชุง ุชฺฉูู ุฎูุฏ ุฑุง ุจุง ุงู ููุงููุช ูุดุฎุต ฺฉูุฏ  ุงฺฏุฑ ุงู ูุญุฏูุฏู ุฑู ุจุง ูุฏุฑุช ุงุฒ ุจุดฺฉูุฏ ุชุง ูุญุฏูุฏู 1700000 ุฑููุฏ ุตุนูุฏ ุท ููุณุงูุงุช ุงุฏุงูู ุฎูุงูุฏ ุฏุงุดุช .   โญโโโโใ๐พใ @bartarinsahm  1401/04/01 โฐโโโคโฅแญโใ๐พใ,2022-06-22 16:16:29,,,2,,,0,0,,2
2022-06-24 18:52:47.298265,12711,bartarinsahm,,2022-06-22 16:30:19,,,2,,,0,0,,2
2022-06-24 18:52:47.176591,12712,bartarinsahm,,2022-06-23 13:47:14,,,0,,,0,0,,2
2022-06-24 18:52:47.038739,12713,bartarinsahm,#ูุงุช ุจุฑ ุฑู ุญูุงุช ุฎูุจ ูุญุฏูุฏู 9700 ูุฑุงุฑ ุฏุงุฑุฏ  ุจุง ุฑุนุงุช ุญุฏ ุถุฑุฑ ูุญุฏูุฏู 9300 ู ุชูุงู ุจุง ูุฏู ูุญุฏูุฏู 11700 ูุงุฑุฏ ุณูู ุดุฏ  ุจุฑุฑุณ ฺฉูู   โญโโโโใ๐พใ @bartarinsahm  1401/04/02 โฐโโโคโฅแญโใ๐พใ,2022-06-23 13:48:51,,,2,,,0,0,,2
2022-06-24 18:34:35.907029,12714,bartarinsahm,#ูพุงุณุง ุจุฑุง ุฑูุฒ ุดูุจู ุฒุฑ ูุธุฑ ุฏุงุดุชู ุจุงุดุฏ  ุจู ูุฒุฏฺฉ ุนุฏุฏ ฺฉู ุฏุฑ ุชุตูุฑ ูุดุฎุต ุดุฏู ูุฒุฏฺฉ ุดุฏู  ุงูุฏฺฉุงุชูุฑ ุงุณุชูฺฉุงุณุชฺฉ ูู ูุงุฑุฏ ูุญุฏูุฏู ุงุดุจุงุน ูุฑูุด ุดุฏู  ุฌุฒู ูุงฺุชูู ุจุงุดู  โญโโโโใ๐พใ @bartarinsahm  1401/04/02 โฐโโโคโฅแญโใ๐พใ,2022-06-23 13:55:21,,,2,,,1,0,12677,2
2022-06-24 18:34:35.776400,12715,bartarinsahm,#ุฏุฏุงู ุจุง ุฑุนุงุช ุญุฏ ุถุฑุฑ ูุญุฏูุฏู 10089 ู ุชูุงูุฏ ุชุง ูุฏู ูุญุฏูุฏู 13400 ุฏุฑ ฺฏุงู ุงูู ุญุฑฺฉุช ฺฉูุฏ  ุจุงุฏ ููุชุธุฑ ูููุฏ ู ุฏุฏ ฺฉู ุขุง ุฎุท ุฑููุฏ ูุฒูู ุฎูุงูุฏ ุดฺฉุณุช ุง ูู ุ  ุชุง ุงูุฏุงู ุจุนุฏ ุฑุง ุชุงฺ ฺฉูุฏ ุ   โญโโโโใ๐พใ @bartarinsahm  1401/04/02 โฐโโโคโฅแญโใ๐พใ,2022-06-23 14:33:27,,,0,,,0,0,,2
2022-06-24 18:34:35.630770,12716,bartarinsahm,#ุฏุฌุงุจุฑ  ุฑูุฒ ุดูุจู ุงฺฏุฑ ุจุฑ ุฑู ูุญุฏูุฏู 11000 ุชุซุจุช ฺฉูุฏ ู ุชูุงูุฏ ุชุง ูุฏู ูุญุฏูุฏู 14500 ูพุณ ุงุฒ ุดฺฉุณุช ุฎุท ุฑููุฏ ูุฒูู ุฑุดุฏ ฺฉูุฏ . ูุฏู ุฏูู ู ุชูุงูุฏ ูุญุฏูุฏู 17100 ุจุงุดุฏ . ุญุฏ ุถุฑุฑ ูุญุฏูุฏู 9200  โญโโโโใ๐พใ @bartarinsahm  1401/04/02 โฐโโโคโฅแญโใ๐พใ,2022-06-23 14:42:46,,,2,,,0,0,,2
2022-06-24 18:34:35.480357,12717,bartarinsahm,ูุฏุฑุช ุฏุฑ ุณูุงู ุฒุฑ ุชุงุฏ ุดุฏู ูุณุช  ุฌุง ุฏุงุฑุฏ ุจุฑุฑุณ ฺฉูู  #ุงูุฑุง #ุณุตููุง #ูุงูู #ูุฑุงุฒ #ููุงูุง #ููููุช  โญโโโโใ๐พใ @bartarinsahm  1401/04/02 โฐโโโคโฅแญโใ๐พใ,2022-06-23 14:51:42,,,2,2022-06-24 05:11:23,1,0,0,,2
2022-06-24 18:34:35.357924,12718,bartarinsahm,#ุณุจุฒูุง ุณฺฏูุงู #ฺฉุงูุงู_ุฎุตูุต   โญโโโโใ๐พใ @bartarinsahm  1401/04/02 โฐโโโคโฅแญโใ๐พใ,2022-06-23 15:04:39,,,1,,,0,0,,2
2022-06-24 18:52:52.860743,17589,hamian_bourse,โ๏ธ #ุฑฺฉุด ูู ุงูุฑูุฒ ุฎูุจ ุจูุฏ ูชด.ต ูุซุจุช ุขุฎุฑู ูุนุงููู,2022-06-22 08:07:57,,,1,,,1,0,17560,6
2022-06-24 18:52:52.736668,17590,hamian_bourse,โ ุจุดุชุฑู #ูุฑูุฏ ูพูู #ุญูู ุงูุฑูุฒ :  ฑ. #ูุฑูุง ฒ. #ุญฺฉุดุช ณ.#ุฎุจุงุฒุฑุณ ด. #ุบุฒุฑ  https://t.me/hamian_bourse,2022-06-22 08:12:20,,,20,2022-06-22 08:13:49,0,1,0,17553,6
2022-06-24 18:52:52.613970,17591,hamian_bourse,๐ #ุจุฑุชุฑู ฺฏุฑูู ุตูุนุช ุจู ูุญุงุธ ุจุดุชุฑู ุงุฑุฒุด ูุนุงููุงุช ุฑูุฒ ฺูุงุฑุดูุจู ฑ ุชุฑ:  ฑ. ฺฏุฑูู ุฎูุฏุฑู ฒ.ฺฏุฑูู ููุฒุงุช ณ.ฺฏุฑูู ูพุชุฑูุดู  @hamian_boursr,2022-06-22 08:18:58,,,7,2022-06-22 08:21:44,0,0,0,,6
2022-06-24 18:52:52.485046,17592,hamian_bourse,๐ข ุจุดุชุฑู #ูุฑูุฏ ูพูู #ุญูู :  ฑ. ฺฏุฑูู ุฎูุฏุฑู : ฒท.ฒ+ ููุงุฑุฏ ุชููุงู ฒ.ฺฏุฑูู ูููุฏุณ: น.ธ+ ููุงุฑุฏ ุชููุงู  ๐ด ุจุดุชุฑู #ุฎุฑูุฌ ูพูู #ุญูู  ฑ. ฺฏุฑูู ููุฒุงุช : ถน.ด - ููุงุฑุฏ ุชููุงู ฒ.ฺฏุฑูู ูพุชุฑูุดู: ดธ.ฑ - ููุงุฑุฏ ุชููุงู  ฑดฐฑ/ด/ฑ @hamian_bourse,2022-06-22 08:21:58,,,20,2022-06-22 09:30:29,0,0,0,,6
2022-06-24 18:52:52.345880,17593,hamian_bourse,ฒฐ ููุงูุฏู ุงูุถุงุดุงู ุฑุง ุงุฒ ุทุฑุญ ุงุณุชุถุงุญ ูุฒุฑ ุตูุช ูพุณ ฺฏุฑูุชูุฏ  ๐นูุนุงูู ูพุงุฑููุงู ุฑุณ ุฌูููุฑ: ฒฐ ููุงูุฏู ุงูุถุงุดุงู ุฑุง ุงุฒ ูุงูู ุงุณุชุถุงุญ ูุฒุฑ ุตูุช ูพุณ ฺฏุฑูุชูุฏ  ๐นุฏุฑ ูุงูู ุงุณุชุถุงุญ ูุฒุฑ ุตูุชุ ูุงู ณถ ููุงูุฏู ูุฌูุณ ุฐฺฉุฑ ุดุฏู ุจูุฏ ฺฉู ฒฐ ููุงูุฏู ุงูุถุง ุฎูุฏ ุฑุง ูพุณ ฺฏุฑูุชูุฏ  @hamian_bourse,2022-06-22 18:51:32,,,13,2022-06-22 18:51:57,0,0,0,,6
2022-06-24 18:52:52.224002,17594,hamian_bourse,ุงูุณุงู ุจู ูุทู #ุฑุฒุด ุจุช ฺฉููุ ุฎุจุฑ ุงุฒ ูุทุน ุจุฑู ุจุฎุด ุฎุงูฺฏ ูุณุช!,2022-06-23 06:17:47,,,68,,,0,0,,6
2022-06-24 18:52:52.081976,17595,hamian_bourse,ุงุธูุงุฑุงุช ูุตุทู ุทุงูุฑุ ุฑุฆุณ ุฌุฏุฏ ฺฉูุณูู ุตูุงุน ูุฌูุณ ุฏุฑ ููุฑุฏ ุตูุนุช ุฎูุฏุฑูุณุงุฒ:  ๐ธ ุงุฑุงุฏ ููุช ฺฏุฐุงุฑ ุฏุณุชูุฑ ุฎูุฏุฑู ุนู ุชูุงู ูุฑูุฏ ูุง ู ููุงุฏ ุงููู ูุตุฑู ูุธุฑ ูุฑู ูููุงุฏ ู ูพุชุฑูุดู ู ูุณ ู... ุจู ููุช ุขุฒุงุฏ ู ููุช ุฏูุงุฑ ู ููุช ุฌูุงู ุงุณุช ุงูุง ููุช ุฎุฑูุฌ ู ูุญุตูู ููุง #ุฎูุฏุฑู ุจู ุตูุฑุช ุฏุณุชูุฑ ุชุนู ูุดูุฏ!  ๐ธ ูุงุช ฺฉุงุฑุดูุงุณุงู ุฑุณู ู ฺฏุฑูู ุญุณุงุจุฑุณ ุจุฒุฑฺฏ ุฏุฑ ุฏู ุฎูุฏุฑูุณุงุฒ ุจุฒุฑฺฏ ูุณุชูุฑ ุดุฏู ุชุง ูุฒุงู ุฏุงุฑุง ู ุงููุงู ุขููุง ุฑุง ุงุฑุฒุงุจ ฺฉูุฏ ุชุง ุงุฑุฒุด ุฑูุฒ ุขููุง ูุดุฎุต ุดูุฏ ุฒุฑุง ุจุฑูุงูู ุฌุฏ ู ูุทุน ุฏููุช #ูุงฺฏุฐุงุฑ ฺฉุงูู ุณูุงู ุฎูุฏุฑูุณุงุฒุงู ุฏุฑ ุณุงู ุฌุงุฑ ุงุณุช.  @hamian_bourse,2022-06-23 07:50:07,,,32,,,0,0,,6
2022-06-24 18:52:51.925180,17596,hamian_bourse,ุงูุฑุนุจุฏุงูููุงูุ ุ ูุฒุฑ ุงููุฑ ุฎุงุฑุฌู ุงุฑุงู ุฏุฑ ฺฉููุฑุงูุณ ุฎุจุฑ ูุดุชุฑฺฉ ุฎุจุฑ ุฏุงุฏ:   ุจุฑูุงููโุฑุฒโูุง ุจุฑุง ุงุฒ ุณุฑฺฏุฑ ูุฐุงฺฉุฑุงุช #ูู ุฏุฑ ุฏุณุชูุฑ ฺฉุงุฑ ูุฑุงุฑ ุฏุงุฑุฏ  @hamian_bourse,2022-06-23 13:21:49,,,21,2022-06-24 04:44:13,0,0,0,,6
2022-06-24 18:52:51.771228,17597,hamian_bourse,๐ป ุงุฏุงูู #ุฑุฒุด ุฏุณุชู ุฌูุน ููุช #ููุฒุงุช ุงุณุงุณ ุจู ุฏูู ุงูุฒุงุด ูุฑุฎ ุจูุฑู ู ุฑุดุฏ ุงูุฏฺฉุณ ุฏูุงุฑ ู ุงุญุชูุงู ุฑฺฉูุฏ ุงูุชุตุงุฏ ุฌูุงู  ๐ปูุณ ูุฏุฑ ููุฒุงุช ุจุง ด ุฏุฑุตุฏ ุฑุฒุด ุฏฺฏุฑ ุจู ธดฐถ ุฏูุงุฑ ุฑุณุฏ !,2022-06-23 15:38:02,,,44,2022-06-23 15:40:16,0,1,0,17487,6
2022-06-24 18:52:51.612582,17598,hamian_bourse,ุฑุณ ุฌูููุฑ #ุงูุฑูุฒ ุฏุฑ ูุดุณุช ุฎุจุฑ ุฎุฑุงุณุงู ุดูุงู:   ๐ธุฑุดุฏ ุงูุชุตุงุฏ ฺฉุดูุฑ ุฏุฑ ฺฏุฑู ุงูุฒุงุด ุณุฑูุงูโฺฏุฐุงุฑ ู ุจูุฑูโูุฑ ุงุณุช.  โ ูพ ููุดุช : ููุธูุฑ ุฑุณ ุณุฑูุงู ฺฏุฐุงุฑ ุฏุฑ ุทูุง ู ุณฺฉู ู ุฎููู ูุณุช ุจูฺฉู ุณุฑูุงู ฺฏุฐุงุฑ ุฏุฑ ุดุฑฺฉุชูุง ุจูุฑุณ ู ุดุฑฺฉุชูุง ุชููุฏ ุงุณุช  @hamian_bourse,2022-06-23 17:49:44,,,15,2022-06-23 17:50:12,0,0,0,,6
2022-06-24 18:52:51.488630,17599,hamian_bourse,โ๏ธ ุงุชุญุงุฏู ุงุฑููพุง: ุฏุฑ ููุงุช ุจุง ุงุฑุงู ุจู #ุชูุงูู ุฎูุงูู ุฑุณุฏ  ุณูุฑ ุงุชุญุงุฏู ุงุฑููพุง ุฏุฑ ุงุณุฑุงู ฺฏูุชู ุทุฑูโูุง ุจูโุงูููู ุณุฑุงูุฌุงู ุจุง ุงุฑุงู ุจุฑ ุณุฑ ุจุฑูุงูู ูุณุชูโุง ุงู ฺฉุดูุฑ ุจู #ุชูุงูู ุฏุณุช ุฎูุงููุฏ ุงูุช.  @hamian_bourse,2022-06-23 19:34:19,,,42,2022-06-23 19:34:33,0,0,0,,6
2022-06-24 18:52:51.363926,17600,hamian_bourse,ุดุงู #ุจุฑุฌุงู ุฏุฑ ุจุฑูฺฉุณู  ุงูุฑฺฉู ููุฑุง ุจุง ุงูุชุดุงุฑ ุนฺฉุณ ุงุฒ ุฎูุฏุด ุจู ููุฑุงู ุฌูุฒูพ ุจูุฑู ุ ูุณูููู ุณุงุณุช ุฎุงุฑุฌ ุงุฑููพุง ุจู ููุฑุงู ุฑุงุจุฑุช ูุงู ุ ููุงูุฏู ุงููุฑฺฉุง ุฏุฑ ุงููุฑ ุงุฑุงู ุฏุฑ ุจุฑูฺฉุณู ููุดุช:  ฺฏูุชฺฏู ุนูู ุฏุฑุจุงุฑู ุจุฑุฌุงู ู ููุทููโ ุฎุงูุฑูุงูู ุฏุงุดุชู. ุฑุงุจุฑุช ูุงู ุจุฑ ุชุนูุฏ ูุงุทุน ุงููุฑฺฉุง ุจุฑุง ุจุงุฒฺฏุดุช ุจู #ุชูุงูู ุชุงฺฉุฏ ฺฉุฑุฏ  @hamian_bourse,2022-06-23 21:14:05,,,37,2022-06-23 21:25:42,0,0,0,,6
2022-06-24 18:52:51.206666,17601,hamian_bourse,โ #ููู #ููุฑ | ุงูุนุฑุจ ุงูุฌุฏุฏ ูุทุฑ:   ๐ธ ุฌูุฒูพ ุจูุฑู ุ ูุณุฆูู ุณุงุณุช ุฎุงุฑุฌ ุงุชุญุงุฏู ุงุฑููพุง ุจุฑุง ุงุฒ ุณุฑฺฏุฑ ูุฐุงฺฉุฑุงุช ุจู ุงุญุชูุงู ุฒุงุฏ ุงูุงู ููุชู ุขูุฏู ุจู ุชูุฑุงู ุณูุฑ ูโฺฉูุฏ ู ุญุงูู ูพุงู ุขูุฑฺฉุงโูุง ุจุฑุง ุญุตูู ุชูุงูู ุฏุฑ ูู ุจุฑุง ุงุญุง #ุจุฑุฌุงู ุฎูุงูุฏ ุจูุฏ/ ุฎุจุฑฺฏุฒุงุฑ ุงูุชุฎุงุจ  ๐ธ ุงูุฑุนุจุฏุงูููุงู ุ ูุฒุฑ ุงููุฑ ุฎุงุฑุฌู ุงุฑุงู ุฏุฑ ฺฉููุฑุงูุณ ุฎุจุฑ ูุดุชุฑฺฉ ุฎุจุฑ ุฏุงุฏ: ุจุฑูุงููโุฑุฒโูุง ุจุฑุง ุงุฒ ุณุฑฺฏุฑ ูุฐุงฺฉุฑุงุช #ูู ุฏุฑ ุฏุณุชูุฑ ฺฉุงุฑ ูุฑุงุฑ ุฏุงุฑุฏ  @hamian_bourse,2022-06-24 04:29:48,,,42,2022-06-24 06:36:17,0,0,0,,6
2022-06-24 18:52:51.065992,17602,hamian_bourse,1โฃ https://t.me/hamian_bourse/17596 2โฃ https://t.me/hamian_bourse/17600 3โฃ https://t.me/hamian_bourse/17599 4โฃ https://t.me/hamian_bourse/17601  ูุฌุฏุฏุง ุจุง ุฒูุฏู ุดุฏู ุงูุฏูุง ุจุฑุง ุงุฒ ุณุฑฺฏุฑ ูุฐุงฺฉุฑุงุช ูู ู ุงุญุง #ุจุฑุฌุงู ูพุฑู ูพุณุช ูุง ุจุงูุง (ฑ ุชุง ด) ู ููุถุน ฺฏุฑ ูุง ุงุฎุฑ ุงูุฑ ุนุจุฏุงูููุงู ูุฒุฑ ุฎุงุฑุฌู ุงุฑุงู ู ููุงูุงุช ุงุฑุดุฏ ุงุชุญุงุฏู ุงุฑููพุง ู ุชูุช ุฏุดุจ ุงูุฑฺฉู ููุฑุง ู ุณูุฑ ุฌูุฒูพ ุจูุฑู ุฑุณ ฺฉูุณูู ุณุงุณุช ุฎุงุฑุฌ ุงุชุญุงุฏู ุงุฑููพุง ู ููุงููฺฏ ฺฉููุฏู ุงุฑุดุฏ ูุฐุงฺฉุฑุงุช ุจู ุชูุฑุงูุ ุงูุฏูุงุฑู ุชูุงูู ุญุงุตู ฺฏุฑุฏุฏ ฺฉู ุจุฑุง ฺฉุดูุฑ ู ูุฑุฏู ุถุฑูุฑุช ุฏุงุฑุฏ ู ุตุฏุงูุจุชู ุชุงุซุฑ ูุซุจุช ุจุฑ ุฑู ุณูุงู ุฑุงู ู ุตูุงุน ุจุฑุฌุงู ูุธุฑ ุณูุงู #ุจุงูฺฉ ู #ุฎูุฏุฑู   โณ๏ธ ฺู ุดูุฏ ฺฏุฑูู #ุฎูุฏุฑู !! ุงุฒ ฺฉ ุณู ููุชู ุณุฑููุดุช ุณุงุฒ ุงุนูุงู ููุช ุจููฺฉูุง ุฎูุฏุฑู ู ูุงฺฏุฐุงุฑ ุขููุง ู ุงุฒ ุณู ุฏฺฏุฑ ุฒูุฏู ุดุฏู ุงูุฏูุง ุจู ุงุญุง ุจุฑุฌุงู ู ุญุตูู ุชูุงูู,2022-06-24 05:18:20,,,26,,,0,0,,6
2022-06-24 18:34:38.337197,17606,hamian_bourse,โ ุชุงุฏ ุดุฏ : ุณูุฑ ุจุงูุงุชุฑู ููุงู ุงุฑููพุง #ุจุฑุฌุงู ุจู ุชูุฑุงู  ูุงุฑูุณ ููุฑููุ ุฎุจุฑูฺฏุงุฑ ูุงูโุงุณุชุฑุช ฺูุฑูุงู ูู ุชุงุฏ ฺฉุฑุฏ ฺฉู ุฌูุฒูพ ุจูุฑูุ ูุณุฆูู ุณุงุณุช ุฎุงุฑุฌ ุงุชุญุงุฏู ุงุฑููพุงุ ููุชู ุขูุฏู ุจุฑุง ูุฐุงฺฉุฑู ุฏุฑุจุงุฑู ุงุญุง ุจุฑุฌุงู ุจู ุงุฑุงู ุณูุฑ ูโฺฉูุฏ  ๐ ูพ ููุดุช : ุฏู ุฏุณุช ุจฺุณุจุฏ ุจู ุณูุงู ุจุฑุฌุงู ุชูู ูุซู #ุจุงูฺฉ ู #ุฎูุฏุฑู  @hamian_bourse,2022-06-24 05:42:51,,,55,,,0,0,,6
2022-06-24 18:34:38.210576,17607,hamian_bourse,โณ๏ธ ุฎุทุจ ุฒุงุฏู ุ ุณุฎูฺฏู ูุฒุงุฑุช ุฎุงุฑุฌู ุฎุจุฑ ุฏุงุฏ: ุฌูุฒูพ ุจูุฑู #ุงูุดุจ ุจู #ุชูุฑุงู ูโุขุฏ  ุณุนุฏ ุฎุทุจ ุฒุงุฏู ุณุฎูฺฏู ูุฒุงุฑุช ุงููุฑ ุฎุงุฑุฌู ุงุฒ ุณูุฑ ุงูุดุจ ุฌูุฒูพ ุจูุฑู ููุงูุฏู ุนุงู ุณุงุณุช ุฎุงุฑุฌ ุงุชุญุงุฏู ุงุฑููพุง ู ููุงููฺฏ ฺฉููุฏู ุงุฑุดุฏ ูุฐุงฺฉุฑุงุช ูู ุจู ุชูุฑุงู ุจุฑุง ุฏุฏุงุฑ ุจุง ูุฒุฑ ุงููุฑโ ุฎุงุฑุฌู ุงุฑุงู ู ุจุฑุฎโ ุฏฺฏุฑ ุงุฒ ููุงูุงุช ุฌูููุฑ ุงุณูุงู ุงุฑุงู ุฌูุช ูุฐุงฺฉุฑู ุฏุฑ ููุฑุฏ ุงุญุง #ุจุฑุฌุงู ุฎุจุฑ ุฏุงุฏ  @hamian_bourse,2022-06-24 06:56:19,,,34,2022-06-24 07:00:04,0,0,0,,6
2022-06-24 18:34:38.087535,17608,hamian_bourse,โ ุฎุจุฑ ุจุณุงุฑ ููู ุจุฑุง ฺฏุฑูู #ุฎูุฏุฑู  ูุฒุฑ ุตูุช : ุจุง ุนุฑุถู ุฎูุฏุฑู ุฏุฑ ุจูุฑุณ ฺฉุงูุง ูุฎุงูู #ูุณุชู  ๐ุงุฒ ุตุจุญ ูพุดุช ุณุฑ ูู ฺู ุฎุจุฑูุง ุฎูุจ ุจุฑุง ฺฏุฑูู #ุฎูุฏุฑู ุฏุงุฑู ูุงุฏ : ุจุฑุฌุงู ู ุงุนูุงู ููุช ุจููฺฉูุง ู ุจูุฑุณ ฺฉุงูุง  @hamian_bourse,2022-06-24 07:09:12,,,86,2022-06-24 07:11:42,0,0,0,,6
2022-06-24 18:34:37.979126,17609,hamian_bourse,๐  ุงุฏุงูู #ุฑุฒุด ุฏุณุชู ุฌูุน ููุช #ููุฒุงุช ุงุณุงุณ ุจู ุฏูู ุงูุฒุงุด ูุฑุฎ ุจูุฑู ูุฏุฑุงู ุฑุฒุฑู ู ุฑุดุฏ ุงูุฏฺฉุณ ุฏูุงุฑ ู ุงุญุชูุงู ุฑฺฉูุฏ ุงูุชุตุงุฏ ุฌูุงู  ๐ป ุฑู : ณฒธธ ุฏูุงุฑ  ๐ปูุณ : ธฑตณ ุฏูุงุฑ  @hamian_bourse,2022-06-24 12:26:29,,,49,2022-06-24 14:05:16,0,1,0,17487,6
2022-06-24 18:34:37.824910,17610,hamian_bourse,ุงุทูุงุนู ุดูุงุฑู ต ูุงุช ฺฉุงุฑุดูุงุณุงู ุฑุณู ููู ูุถุงู : #ุงุชูุงู ุฒูุงู ุงุฑุฒุดฺฏุฐุงุฑ ุณูุงู ุดุฑฺฉุชูุง ุฒุฑูุฌููุนู ุงุฑุงู ุฎูุฏุฑู ูุณุงูพุง  @hamian_bourse,2022-06-24 18:26:14,,,16,2022-06-24 18:26:39,0,0,0,,6
2022-06-24 18:52:50.807683,17611,hamian_bourse,โ๏ธ ุฏุณุชูุฑุงูุนูู ูุงุช ุงุฑุฒุด ฺฏุฐุงุฑ #ุจุฑูุฏ ู ุญู ุงูุงูุชุงุฒ ุดุฑฺฉุชูุง #ุงุฑุงูุฎูุฏุฑู ู #ุณุงูพุง ู ุฒุฑูุฌููุนู ูุง ุขููุง   @hamian_bourse,2022-06-24 18:42:29,,,5,,,0,0,,6
2022-06-24 18:52:46.259499,23451,ariyaz_1,ุฏูุณุชุงู ูุทูุง ุฏุฑ ูุซุจุช ูุง ูุตู ุฎุฑุฏ ุฏุฑ ูฺ ุณูู ูุฑูุฏ ูฺฉูุฏ  ฺูู ุดุงุฎุต ุฏุฑ ูุญุฏูุฏู ุญุณุงุณู,2022-06-13 06:02:19,,,1,,,1,0,23449,1
2022-06-24 18:52:46.147797,23452,ariyaz_1,#ููู  ฺูุงูฺู ุจุชูุงูุฏ ุจุฑู 770 ุชุซุจุช ุดูุฏ  ุงุญุชูุงู ุตุนูุฏ ุชุง ุณูู ฺฉุงูุงู 860 ุฑุง ุฏุงุฑุฏ  @ariyaz_1,2022-06-13 06:15:12,,,15,,,0,0,,1
2022-06-24 18:52:45.999196,23453,ariyaz_1,#ุญฺฏุฑุฏุด   ุฏุฑ ูุญุฏูุฏู ฺฉู ฺฉุงูุงู ูุฑุงุฑ ุฏุงุฑุฏ   ูุณุชุนุฏ ุฑุดุฏ ุชุง ุณูู ฺฉุงูุงู 280 ูุจุงุดุฏ  @ariyaz_1,2022-06-13 07:16:38,,,7,,,0,0,,1
2022-06-24 18:52:45.890486,23454,ariyaz_1,,2022-06-14 04:25:30,,,1,,,0,0,,1
2022-06-24 18:52:45.770820,23455,ariyaz_1,ุจุดุชุฑู #ุชูุงุถุง,2022-06-14 04:25:52,,,0,,,0,0,,1
2022-06-24 18:52:45.660102,23456,ariyaz_1,ุจุดุชุฑู  #ุนุฑุถู,2022-06-14 04:26:07,,,0,,,0,0,,1
2022-06-24 18:52:45.524466,23457,ariyaz_1,#ูุขุฑู  ุณูู ุจุฑู ุญูุงุช ุชุดฺฉู ฺฉู ุฏูููู ุฏุงุฏู ุงุณุช  ุฏุฑ ุตูุฑุช ุดฺฉุณุช ููุงููุช 140 ุงูุฏุงู 155ู180ู190 ุฑุง ุฎูุงูุฏ ุฏุงุดุช  ุญูุงุช 120  @ariyaz_1,2022-06-14 05:54:20,,,3,,,0,0,,1
2022-06-24 18:52:45.407777,23458,ariyaz_1,,2022-06-15 04:26:44,,,0,,,0,0,,1
2022-06-24 18:52:45.235482,23459,ariyaz_1,#ุณุงูุงู  ุญูุงุช ฺฉู ฺฉุงูุงู ุฑุง ุฏุฑ ูุญุฏูุฏู300 ุฏุงุฑุฏ  ุฏุฑ ุตูุฑุช ุดฺฉุณุช ููุงููุช335 ูุชูุงูุฏ ุชุง390ุตุนูุฏ ุฏุงุดุชู ุจุงุดุฏ  ุญุฏ ุถุฑุฑ ุดฺฉุณุช ฺฉู ฺฉุงูุงู 250 ุชููุงู  @ariyaz_1,2022-06-15 05:31:36,,,9,,,0,0,,1
2022-06-24 18:52:45.112995,23460,ariyaz_1,#ูุขุฑู ุตู ุฎุฑุฏ ูููู ๐,2022-06-15 08:07:14,,,1,,,1,0,23457,1
2022-06-24 18:52:45.000336,23461,ariyaz_1,,2022-06-18 04:31:20,,,0,,,0,0,,1
2022-06-24 18:52:44.892123,23462,ariyaz_1,#ุดุณุชุง  ุญูุงุช ุฎุท ุฑููุฏ ุตุนูุฏ ุฑุง ุฏุฑ ูุญุฏูุฏู95ุฏุงุฑุฏ  @ariyaz_1,2022-06-18 04:31:59,,,8,2022-06-18 04:32:38,0,0,0,,1
2022-06-24 18:52:44.780609,23463,ariyaz_1,#ุฎูพุงุฑุณ  ุฏุฑ ุญุงู ูพููุจฺฉ ุจู ุญูุงุช ุดฺฉุณุชู ุดุฏู ูุจุงุดุฏ  ูุญุฏูุฏู ููุงุณุจ ูุฑูุฏ ุชุซุจุช ุจุฑู1130  @ariyaz_1,2022-06-18 05:28:55,,,8,,,0,0,,1
2022-06-24 18:52:44.558635,23464,ariyaz_1,#ุบุฏุงู  ุญูุงุชูุง5000ู4800ู4200  @ariyaz_1,2022-06-18 05:31:34,,,7,,,0,0,,1
2022-06-24 18:52:44.423252,23465,ariyaz_1,,2022-06-19 04:17:45,,,0,,,0,0,,1
2022-06-24 18:34:34.778568,23466,ariyaz_1,#ูุขุฑู ุตู ุฎุฑุฏ ูููู ๐  @ariyaz_1,2022-06-19 04:18:48,,,1,,,1,0,23457,1
2022-06-24 18:34:34.638848,23467,ariyaz_1,#ุณุงูุงู ุตู ุฎุฑุฏ ูููู ๐  @ariyaz_1,2022-06-19 04:19:27,,,1,,,1,0,23459,1
2022-06-24 18:34:34.495098,23468,ariyaz_1,ุจุงุฒฺฏุดุง ููุงุฏ #ุฏ ุจุนุฏ ุงุฒ 8 ูุงู ุจุณุชู ุจูุฏู,2022-06-19 05:57:22,,,8,,,0,0,,1
2022-06-24 18:34:34.356778,23469,ariyaz_1,#ุณุงูุงู ุจุงุฒูู ุจู ุตู ุฎุฑุฏ ูุดุณุช๐  @ariyaz_1,2022-06-19 06:56:51,,,0,,,1,0,23467,1
2022-06-24 18:34:34.243045,23470,ariyaz_1,ุจุงูฺฉ ุฏ  ฒนุญููู ุจุง ุนุฑุถู ธทุฏุฑุตุฏ ุฏุฑ ูฺูฺฏ  ุจุงูฺฉ ุฏ ุฑุง ูพุณ ุงุฒ ธูุงู  ฑตุฏุฑุตุฏ ููู ูฺ ฺฉุฑุฏูุฏ!,2022-06-19 07:08:23,,,13,,,1,0,23468,1
2022-06-24 18:52:58.519693,23937,meta_bourse,#ุฒููุงุฑุฏ ุตู ุฎุฑุฏโ   ููุช ูุฑูุฏ 7800 ููุช ุงููุงู  15310 90%ุณูุฏ ุฎุงูุตโค๏ธ๐ช๐ฅ๐ฅ๐ฅ๐ฅ,2022-05-29 04:52:02,,,0,,,1,0,23927,11
2022-06-24 18:52:58.379789,23938,meta_bourse,ฺฉ ุณูู ุฏฺฏู ุฒุฑ ูุธุฑ ุฏุงุฑู ุจุงุฏ ุจุงุฏ ุชุง ููุทูู ุฎุฑุฏโ,2022-05-29 04:52:20,,,0,,,0,0,,11
2022-06-24 18:52:58.252934,23939,meta_bourse,ุชูุงู ูุซุจุช ูุง ุจุงุฒุงุฑ ุฑู ุฏุงุฑูุฏ ุณุฑฺฉูุจ ูฺฉููุฏ!!!!!!! โ,2022-05-29 05:11:26,,,0,,,0,0,,11
2022-06-24 18:52:58.113052,23940,meta_bourse,#ุดุงุฎุต ุจุนุฏ ุงุฒ 1540๐บ ุญูุงุช ุจุนุฏ 1530 ฺฉู ุจุฑุงุชูู ูุดุฎุต ฺฉุฑุฏูโ,2022-05-29 05:35:08,,,0,,,0,0,,11
2022-06-24 18:52:57.986609,23941,meta_bourse,ุฎุฑุฏ ู ูุฑูุด ุฏุฑ ุจุงุฒุงุฑ ุฎูุฏุฑู ุจู ูุฑุฒ ุตูุฑ ุฑุณุฏ   ๐น ุฏุฑ ุญุงู ุญุงุถุฑ ุงูุช ููุช ุฏูุงุฑ ุฑุง ุดุงุฏ ุจุชูุงู ฺฉ ุงุฒ ุฏูุงู ุซุจุงุช ููุช ุฎูุฏุฑู ุฏุฑ ุจุงุฒุงุฑ ุฏุงูุณุช.  ๐น ูุนุงูุงู ุจุงุฒุงุฑ ุฎูุฏุฑู ูุฒ ูุนุชูุฏูุฏ ุจุงุฒุงุฑ ฺฉุดุด ุงูุฒุงุด ุจุดุชุฑ ููุช ุฑุง ูุฏุงุฑุฏ ู ููู ุงูุฑ ููุฌุจ ุดุฏู ุชุง ุดุงูุฏ ุงูุฒุงุด ููุช ุฎูุฏุฑู ุฏุฑ ุจุงุฒุงุฑ ูุจุงุดู.   ๐น ูุฑูุดูุฏฺฏุงู ุฎูุฏุฑู ูุนุชูุฏูุฏ ุจุฎุด ุงุฒ ูุชูุงุถุงู ุฎุฑุฏ ุฎูุฏุฑู ุฏุฑ ุญุงู ูุญฺฉ ุฒุฏู ุดุงูุณ ุฎูุฏ ุฏุฑ ูุฑุนู ฺฉุด ุณุงูุงูู ูุฑูุด ฺฉูพุงุฑฺู ุฎูุฏุฑู ูุณุชูุฏุ ุจุฑุฎ ุฏฺฏุฑ ูู ููุชุธุฑ ุชุนู ุชฺฉูู ูุงุฑุฏุงุช ุฎูุฏุฑู ฺฉู ููู ุงูุฑ ุจุงุนุซ ุดุฏู ุชุง ุจุงุฒุงุฑ ฺฉุณุงุฏ ุจูุฏู ู ุฎุจุฑ ุงุฒ ูุนุงููุงุช ูุจุงุดุฏ./ุชุณููู,2022-05-29 05:40:09,,,0,,,0,0,,11
2022-06-24 18:52:57.815235,23942,meta_bourse,ุฏุงุฎู ูุญุฏูุฏู ุญูุงุช ูุณุชูโ  ุงูุดุงุงููู ฺฉู ฺฉู ฺฉู ุชูุงุถุง ุดฺฉู ุจฺฏุฑู๐๐  ฺูุงูฺู ุญูุงุช ุตูุฑุช ุจฺฏุฑู ูพฺฏุฑ ุณฺฏูุงู ูพุดููุงุฏ ูุณุชู,2022-05-29 05:41:31,,,0,,,1,0,23940,11
2022-06-24 18:52:57.691000,23943,meta_bourse,ุชุงุฑ ูู ณฐ ุฏุฑุตุฏ ฺฏุฑุงู ุดุฏ.. ุดุงูุฏ ุฑูุฌ ูุซุจุช ุฏุฑ ฺฏุฑูู #ูุงุณุชฺฉ ูุณุชู.,2022-05-29 05:55:04,,,0,,,0,0,,11
2022-06-24 18:52:57.564332,23944,meta_bourse,#ูููุช ุฏูุณุชุงู ฺฉู ุงูู ุฑุณฺฉ ูุณุชูุฏ #ูููุช ุฑู ุจุง 7ูชุณูุฏ ุฑู +2 ุฎุฑูุฌ ุจุฒููุฏ,2022-05-29 06:48:29,,,0,,,1,0,23934,11
2022-06-24 18:52:57.432358,23945,meta_bourse,ุฎุณุชู ูุจุงุดุฏ๐น,2022-05-29 08:35:09,,,0,,,0,0,,11
2022-06-24 18:52:57.301411,23946,meta_bourse,,2022-05-30 04:14:05,,,0,,,0,0,,11
2022-06-24 18:52:57.160505,23947,meta_bourse,ุณูุงู ุตุจุญ ููฺฏ ููุฑุงูุงู ุจุฎุฑ๐น,2022-05-30 04:14:16,,,0,,,0,0,,11
2022-06-24 18:52:57.018239,23948,meta_bourse,"โป๏ธ  ุขูฺู ฺฉู ุจุงุฏ ูพุด ุงุฒ ุดุฑูุน ุจุงุฒุงุฑ ุจุฏุงูุฏ....    ใฐใฐใฐใฐใฐใฐใฐใฐใฐใฐใฐใฐใฐใฐ  ๐บ๐ธ #ุฏูุงุฑ                     30,830  ุชููุงู  ๐ช๐บ #ูุฑู                   33,210 ุชููุงู  ๐ฅ #ุณฺฉู                   14.850 ูููู ุชููุงู ๐ฐ #ุงูุณโุทูุง               1,859 ุฏูุงุฑ ๐ข #ููุช                    120  ุฏูุงุฑ  ๐ #ูุณ                    9,382 ุฏูุงุฑ ๐ธ  #ุจุชโฺฉูู            28,936 ุฏูุงุฑ ๐#ุดุงุฎุตโุจูุฑุณ        1,534,057 ูุงุญุฏ ๐ #ุงุฑุฒุดโูุนุงููุงุชโ      5,052 ููุงุฑุฏ ุชููุงู  ใฐใฐใฐใฐใฐใฐใฐใฐใฐใฐใฐใฐใฐใฐ ๐  ุฏูุดูุจู 9 / ุฎุฑุฏุงุฏ / 1401",2022-05-30 04:14:48,,,0,,,0,0,,11
2022-06-24 18:52:56.875674,23949,meta_bourse,#ุฎุชุฑุงฺฉ ุตู ุฎุฑุฏโ ููุช ูุฑูุฏ 4200 ููุช ุงููุงู 7400 57%ุณูุฏุฎุงูุต ุชูุฏู ุฏูุณุชุงู๐๐,2022-05-30 04:39:52,,,0,,,1,0,23865,11
2022-06-24 18:52:56.750898,23950,meta_bourse,#ุฒููุงุฑุฏ ุตู ุฎุฑุฏโ   ููุช ูุฑูุฏ 7800 ููุช ุงููุงู  16000 95%ุณูุฏ ุฎุงูุต๐ฅ๐ฅ๐ฅ๐ฅ,2022-05-30 04:40:18,,,0,,,1,0,23937,11
2022-06-24 18:52:56.611220,23951,meta_bourse,ููุง ุจุงุฒุงุฑ,2022-05-30 04:40:57,,,1,,,0,0,,11
2022-06-24 18:34:40.929171,23952,meta_bourse,#ูุซูู ุตู ุฎุฑุฏโ ููุช ูุฑูุฏ 5530 ููุช ุงููุงู 9290 51%ุณูุฏุฎุงูุต ุชูุฏู ุฏูุณุชุงู๐ฅ๐ฅ๐ฅ,2022-05-30 04:49:46,,,0,,,1,0,23927,11
2022-06-24 18:34:40.807074,23953,meta_bourse,#ุจุฌูุฑู ููุช ูุฑูุฏ:251 ุญุฏุถุฑุฑ:235  ุจุฑุฑุณ ฺฉูุฏโ,2022-05-30 05:49:51,,,0,,,0,0,,11
2022-06-24 18:34:40.664788,23954,meta_bourse,โ  |  #ุฎุฑูุฌ_ุณูฺฏูู  | (1) ุจุงุฑ   #ฺฉูพุงุฑุณ ุฎุฑูุฌ: 1.119 ููุงุฑุฏ ุชููุงู ุชุนุฏุงุฏ : 1 ููุฑ ูุณุจุช ุจู ุงุฑุฒุด ูุนุงููุงุช  : 25% ูุฏุฑุช  : 0.99 ูููุช : 4.95% | 9960 ุณุฑุงูู ุฎ: 24ุชููุงู |ุณ ู: 24 ุชููุงู    โโโโโโโโโโโ,2022-05-30 05:55:00,,,0,,,0,0,,11
2022-06-24 18:34:40.540831,23955,meta_bourse,โุชุญุฑฺฉุงุช ุฏุฑ ฺฏุฑูู ูพุชุฑูุดู ูุง ู ูุญุตููุงุช ุดูุง    ู ุฎูุฏุฑู ูุง     ุจุงุนุซ ุดุฏู ุจุงุฒุงุฑ ุจุนุฏ ฺฉ ุณุงุนุช ู ูู ู ุฌูู ุจู ุฎูุฏุด ุจฺฏุฑู,2022-05-30 06:04:07,,,1,,,0,0,,11
2022-06-24 18:34:40.410036,23956,meta_bourse,"๐ด  #ูุฑูุด_ุณูฺฏู_ุญููู ๐ด #ููุฑ  ุญุฌู:216,085  ููุช:125,460  (%5.00+)",2022-05-30 06:04:33,,,0,,,0,0,,11
2022-06-24 18:53:00.971009,33968,topsignalexchange,ุณูฺฏุง ฺฉุฏ ุณูฺฏู ุฏุฑ ุตู ุฎุฑุฏ ููุช ธฐด,2022-06-19 05:28:26,,,1,,,0,0,,3
2022-06-24 18:53:00.840796,33969,topsignalexchange,ุณุตููุง ูุฌุฏุฏุง ููุฑุฏ ุชูุฌู,2022-06-19 05:29:38,,,2,,,0,0,,3
2022-06-24 18:53:00.718431,33970,topsignalexchange,,2022-06-20 03:42:38,,,0,,,0,0,,3
2022-06-24 18:53:00.596330,33971,topsignalexchange,ูุงฺ ูุณุช  ูููุงุฏ ฺฉุฎุงฺฉ ุดูพูุง ูุตููุง ุงูุฑฺ 3,2022-06-20 03:44:51,,,4,,,0,0,,3
2022-06-24 18:53:00.452452,33972,topsignalexchange,ุซูุงุฑุณ ุจุงุฑูุง ุจู ุงุฑุฒูุฏู ุจูุฏูุด ุชุงฺฉุฏ ฺฉุฑุฏู โ๏ธโ๏ธโ๏ธ,2022-06-21 15:15:06,,,1,,,1,0,33178,3
2022-06-24 18:53:00.330229,33973,topsignalexchange,,2022-06-21 15:16:10,,,0,,,0,0,,3
2022-06-24 18:53:00.187769,33974,topsignalexchange,ุซูุงุฑุณ ุจุฏูู ุดุฑุญโ๏ธโ๏ธโ๏ธโ๏ธ,2022-06-21 15:16:25,,,0,,,1,0,33973,3
2022-06-24 18:53:00.066159,33975,topsignalexchange,ููุฑุงุฏ ูุนุฑู ุฑู ฑฑฐฐุช  ุงฺฉููู ณถฐฐ,2022-06-21 15:20:13,,,0,,,1,0,31415,3
2022-06-24 18:52:59.938872,33976,topsignalexchange,ุณูู ุงุฒ ฺฉู ุงุนูุงู ุดุฏู ฑฐฐุช ูพุงู ุขูุฏ ูุงุณุชุงุฑุช ุฒุฏ โ๏ธโ๏ธโ๏ธ,2022-06-21 15:20:48,,,0,,,1,0,33975,3
2022-06-24 18:52:59.809013,33977,topsignalexchange,ุขูพ ูุญุฏูุฏู ุจุฑุฑุณ ทฐฐูุชูุงู ฺฏูุช ุงุณุชุงุฑุช ุณูู  ุงูุฑูุฒ ุฒุฏู ุดุฏ  ฑดฐฑ/ณ/ณฑ ููุช ุตู ุฎุฑุฏ ทฐฐ ุจูููู ุงุฏฺฏุงุฑ,2022-06-21 15:22:54,,,5,,,1,0,33884,3
2022-06-24 18:52:59.676086,33979,topsignalexchange,,2022-06-22 03:28:58,,,0,,,0,0,,3
2022-06-24 18:52:59.547113,33980,topsignalexchange,ูุงฺ ูุณุช ุงูุฑูุฒ  ุณูุฑ  ุญูพุชุฑู  ุงูู ุณุงูุงู ุขูพ ฑดฐฑ/ด/ฑ,2022-06-22 03:29:53,,,5,,,0,0,,3
2022-06-24 18:52:59.423279,33981,topsignalexchange,ุตู ุฎุฑุฏ โ๏ธโ๏ธโ๏ธ,2022-06-22 04:27:37,,,0,,,1,0,33977,3
2022-06-24 18:52:59.268807,33982,topsignalexchange,ูููุฑุงุฏ ุตู ุฎุฑุฏ ุฏฺฏุฑ โ๏ธโ๏ธโ๏ธ,2022-06-22 04:27:37,,,0,,,1,0,33976,3
2022-06-24 18:52:59.110628,33983,topsignalexchange,ุซูุงุฑุณ ูุตู ูุตู ุฎุฑุฏ ููู ุณูฺฏู โ๏ธโ๏ธโ๏ธ,2022-06-22 04:27:37,,,0,,,1,0,33974,3
2022-06-24 18:34:42.214553,33984,topsignalexchange,,2022-06-22 07:03:22,,,1,,,0,0,,3
2022-06-24 18:34:42.106178,33985,topsignalexchange,ูุขุฐุฑ ุณฺฏูุงู ู ุง ูพ ุงุฒ ุตู ูุฑูุด ุชุง ุตู ุฎุฑุฏ โ๏ธโ๏ธโ๏ธโ๏ธ,2022-06-22 07:04:59,,,1,,,1,0,33984,3
2022-06-24 18:34:41.982677,33986,topsignalexchange,ุจุง ุนุฑุถ ุณูุงู ูุงุฏุจ ูุงุญุชุฑุงู  ุฏูุณุชุงู ูุนุงูุช ฺฉุงูุงู ุจู ูุฏุช ุณู ูุงู ูฺ ฺฏููู ูุนุงูุช ูุฎูุงูุฏ ุฏุงุดุช  ุจุง ุขุฑุฒู ููููุช ู ุดุงุฏฺฉุงู ูุชุดฺฉุฑ ุงุฒ ููุฑุงู ุดูุง ุนุฒุฒุงู ูููู ุจุงุดุฏ  ฑดฐฑ/ด/ฒ,2022-06-23 19:28:07,,,2,2022-06-23 19:28:17,0,0,0,,3
2022-06-24 18:34:41.852397,33987,topsignalexchange,ูพุฑู ุณูุงูุงุช ุฏูุณุชุงู ุฏุฑ ููุฑุฏ ุนุฏู ูุนุงูุช ูููุช ฺฉุงูุงู  ุงููุง ูุงุฒู ุฏููุณุชู ุชุดฺฉุฑ ฺฉูู ุงุฒ ูพุงููุง ูุญุจุช ุขูุฒ ุฏูุณุชุงู  ูุจุนุฏ ุนุฏู ูุนุงูุช ูููุช ฺูุฏ ูุงูู ูุณุช ุงูุดุงููู ุฏุฑ ุงุณุฑุน ููุช ูพุฑ ูุฏุฑุช ุชุฑ ุงุฒ ููุดู ุจุฑ ุฎูุงูู ฺฏุดุช  ุงุฑุงุฏุชููุฏ  ุดูุง ูุฏุฑุช ฺฉุงูุงู ุชุงูพ ุณฺฏูุงู ุจูุฑุณ๐๐๐๐๐,2022-06-24 06:29:45,,,1,2022-06-24 06:38:12,0,0,0,,3
2022-06-24 18:34:41.713766,33988,topsignalexchange,,2022-06-24 06:34:35,,,6,,,0,0,,3
2022-06-24 18:52:41.443309,40677,GoldenSignalChannel,โุจุง ุงูุช ุฏูุงุฑ ุจุดุชุฑ ุณูู ูุง ุฏูุงุฑ ุฏุฑ ูุญุฏูุฏู ููู ูุณุชู ูู ุงูุช ุฏูุงุฑ ููุทุน ู ุฏุฑ ุฑูุฒ ูุง ุงูุฏู ุฑุดุฏ ุฎูุงูุฏ ฺฉุฑุฏ,2022-06-15 05:40:35,,,6,,,0,0,,7
2022-06-24 18:52:41.334529,40678,GoldenSignalChannel,ููพุชุฑู ูุซุจุช ฑ ุฏุฑุตุฏ ๐,2022-06-15 05:59:03,,,4,,,1,0,40676,7
2022-06-24 18:52:41.210727,40683,GoldenSignalChannel,โุดุฑูุน ูุชุนุงุฏู ฺุฎุฒุฑ   ฺฉูุช ุจุงุฒุงุฑ ุฏุฑ ุงูุชุธุงุฑ ุชูุงุถุง ูุฑูุดูุฏู ุง ุฏุฑ ุจุงุฒุงุฑ ูุฌูุฏ ูุฏุงุฑู,2022-06-19 04:46:58,,,1,,,1,0,40668,7
2022-06-24 18:52:41.100274,40684,GoldenSignalChannel,โุชุฌู ูุฌุฏุฏุง ุงุฒ ูุญุฏูุฏู ฑตฐ ุจุฑฺฏุดุช ุฒุฏ   โูุงุญู ุฎูุจ ุฏุฑ ุงู ูุญุฏูุฏู ุณุงุฎุชู,2022-06-19 05:12:35,,,3,,,0,0,,7
2022-06-24 18:52:40.975221,40685,GoldenSignalChannel,#ูุฑุฎ_ุณูุฏ  ๐ุจุงูฺฉ ูุฑฺฉุฒ ุจุง ุงูุฒุงุด 0/11 ุฏุฑุตุฏ ูุฑุฎ ุณูุฏ ุจู ุจุงูฺฉุ ุณุงุณุช ูุง ุงููุจุงุถ ุฎูุฏ ุฑุง ุงุฏุงูู ุฏุงุฏ,2022-06-19 05:13:36,,,1,,,0,0,,7
2022-06-24 18:52:40.866085,40686,GoldenSignalChannel,โุฑูุฌ ูุซุจุช ุดุฏุฏ ุฏุฑ ููพุชุฑู   โป๏ธุงุฒ ููู ด ุชุง ููู ฑ,2022-06-19 05:18:58,,,0,,,0,0,,7
2022-06-24 18:52:40.755879,40687,GoldenSignalChannel,โุงูพ ุฏุฑ ูุญุฏูุฏู ูุซุจุช   โุฌูู ฺฉุงูุด ููุชุด ฺฏุฑูุชู ุดุฏู ู ุฏุฑ ูุซุจุช ูุง ูพุดุชุงุฒ,2022-06-19 05:57:06,,,1,,,1,0,40675,7
2022-06-24 18:52:40.599380,40690,GoldenSignalChannel,ุฑูุฌ ูุซุจุช ุดุฏุฏ ุฏุฑ ุณูฺฏูุช ๐ฅ๐ฅ,2022-06-20 06:09:13,,,3,,,1,0,40669,7
2022-06-24 18:52:40.475581,40691,GoldenSignalChannel,โุฑูุฌ ูุซุจุช ู ุชูุงุถุง ุจุงูุง ุฏุฑ ฺฏุฑูู ุฎูุฏุฑู  ูุงู ูุฒุงุฑุช ุตูุช ุฏุฑ ุฑุงุจุทู ุจุง ูุงฺฏุฐุงุฑ ุจููฺฉ ุฏู ุณูู ุงุฑุงูโุฎูุฏุฑู ู ุณุงูพุง ูุดุงู ุงุฒ ูุตูู ุจูุฏู ุจุฑุง ูุงฺฏุฐุงุฑ ูุฏูุฏ,2022-06-20 07:14:49,,,1,,,0,0,,7
2022-06-24 18:52:40.350605,40692,GoldenSignalChannel,ฺฏุฑูู ุฎูุฏุฑู ุฑู ุจุฑุฑุณ ฺฉูุฏ   ุงุฒ ุทุฑู ุฑู ุญูุงุช ุฎูุฏุดูู ูุณุชูุฏ ุงุฒ ุทุฑู ุงุฒ ุทุฑู ุฏููุช ุณูุงู ุงุฑุฒูุฏู ู ุทูุง ุชูู ุดุฏู,2022-06-20 07:33:17,,,3,,,0,0,,7
2022-06-24 18:52:40.241030,40693,GoldenSignalChannel,๐ขุญููู ูุง ู ุตูุฏูู ูุง ุจุงุฒุงุฑ ุฏุฑ ุฎุงู ุฌูุน ุงูุฑ ุตููู ุณูฺฏู ูุฑูุด ุฏุฑ ุณูู ูุง ูุซู ุชูุงุฑุณ ูุณุชูุฏ ูุฑุงูุจ ุณูุงู ุฎูุฏุชูู ุจุงุดุฏ    โุจุง ููุช ู ุชูุฑู ููุฌูุฏ ุฏุฑ ุง ุฒูุฏ ููุฌ ุจุนุฏ ุจุงุฒุงุฑุดุฑูุน ูุดู,2022-06-20 07:36:12,,,3,,,0,0,,7
2022-06-24 18:52:40.132254,40694,GoldenSignalChannel,ุจุฑฺฉุช ููุงููุช ุฎูุฏุด ุฑู ุดฺฉุณุชู ู ุฏุฑ ููู ูุง ฺฉุงูู ูุชููู ูพููุจฺฉุด ุฑู ฺฉุงูู ฺฉูู ุจุฑุฑุณ ุดู,2022-06-21 05:53:27,,,0,,,0,0,,7
2022-06-24 18:52:39.991046,40695,GoldenSignalChannel,โุชุฌู ุฑููุฏ ุฑูุฌ ุฏุงุฑู ุงุฒ ุฒูุงู ูุนุฑู ท ุฏุฑุตุฏ ูุซุจุช ต ุฏุฑุตุฏ ููู ู ฺฉูุง ฒ ุฏุฑุตุฏ ุณูุฏ ุฏุงุฏู,2022-06-21 05:59:47,,,0,,,1,0,40665,7
2022-06-24 18:52:39.835922,40696,GoldenSignalChannel,ุจุงุฒุงุฑ ฺฉุงูู ุฏุณุชูุฑ ุฏุฑ ุญุงู ูพุด ุฑูู   ุงุฒ ุทุฑู ุจุง ููุช ูุง ููุงููฺฏ ูุณุช ฺฉู ูููุด ุจุฒูุฏ ุดฺฉุณุชู ูุดู  ุงูุงู ููุท ุฏุฑ ุญุงู ุงุตูุงุญ ุฒูุงู ูุณุชู ฺฉู ููุงุชุง ุชุง ููู ุชุฑ ูุงู ุจุฎูุงุฏ ุทูู ุจฺฉุดู,2022-06-21 06:00:55,,,3,,,0,0,,7
2022-06-24 18:52:39.679809,40699,GoldenSignalChannel,#ูพุดููุงุฏ_ุจุฑุฑุณ   #ูุฎุงูุฑ ุฑู ูุญุฏูุฏู ุญูุงุชุด ฺฉุฏ ุจู ฺฉุฏ ุงูุฌุงู ุฏุงุฏู ููุฑุงู ุจุงฺฉูุฏู ูุงูุฑ   ููุงุณุจ ุจุฑุง ุจุฑุฑุณ,2022-06-22 04:15:06,,,1,,,0,0,,7
2022-06-24 18:52:39.538482,40700,GoldenSignalChannel,โุฑูุฌ ูุซุจุช ุฏุฑ ูุฎุงูุฑ   โป๏ธุงุฑุฏุฑ ูุง ุญูุงุช ูู ุฏุฑ ูุญุฏูุฏู ูุซุจุช,2022-06-22 04:52:34,,,0,,,1,0,40699,7
2022-06-24 18:34:32.543582,40701,GoldenSignalChannel,ุชุฌู ุจุฏูู ุดุฑุญ ....   ๐ฐุญูุงุช ูุณุชุญฺฉู ุณูู ุฏุฑ ฑตฐ ุจุณุชู ุดุฏู ู ุงุฑุฏุฑ ุญูุงุช ูู ุจุฑ ุฑู ุงู ุนุฏุฏ,2022-06-22 04:55:20,,,1,,,1,0,40695,7
2022-06-24 18:34:32.420582,40702,GoldenSignalChannel,#ููุฑ  ุจุง ุญุฐู ุญุฌู ูุจูุง 16 ููุงุฏ ุฌุฏุฏุุญุฌู ูุจูุง ทธ ููุงุฏ ุงุฒ ฑตต ููุงุฏ ูพุฐุฑุด ุดุฏู ุฏุฑ ูุฑุงุจูุฑุณ ุญุฐู ุดุฏ.  ุงู ููุงุฏูุง ุดุงูู ููุงุฏูุง ุงุณุช ฺฉู ุจู ุทูุฑ ูุชูุณุท ุจุด ุงุฒ ฑตฐ ุฏุฑุตุฏ ุญุฌู ูุจูุง ูุนุงููู ู ุดููุฏ.,2022-06-22 04:58:48,,,2,,,0,0,,7
2022-06-24 18:34:32.299593,40703,GoldenSignalChannel,ุฑูุฌ ูุซุจุช ู ุฌู ุฎุฑุฏ ุฎูุจ ุจุฑ ุฑู ฺฏุฑูู ุฎูุฏุฑู ุฑูุชู,2022-06-22 06:30:25,,,0,,,1,0,40692,7
2022-06-24 18:34:32.171339,40704,GoldenSignalChannel,,2022-06-24 18:29:00,,,1,,,0,0,,7
2022-06-24 18:34:32.045013,40705,GoldenSignalChannel,ุงูุฑูุฒ 1401/4/3 ฺูุงุฑูู ุฌูุณู ุงุฒ #ุฏูุฑู_ุขููุฒุด_ุฑูุงูุดูุงุณ_ุจุงุฒุงุฑ ุจุฑฺฏุฑูุชู ุงุฒ #ฺฉุชุงุจ (ฺฏุงู ูุง ู ุฎุฑุณ ูุง) ุจุฑุฑุณ ฑฐ ุจุงูุฑ ุบูุท ุฏุฑ ุจุงุฒุงุฑ ุณุฑูุงู ฺฉู ุชูุณุท ุฎุงูู ุดุงุฏ ูุญูุฏ ฺฏููุฏู ู ุชุญููฺฏุฑ ุนุฒุฒูุงู ุชูู ู ุชูุธู ุดุฏู ุงุณุช ุฑุง ุจุฑุงุชุงู ููุชุดุฑ ฺฉุฑุฏู ูพุงุงู ูุฑ ูุตู ุชุณุช ฺฏุฑูุชู ูุดู ู ุฏูุณุชุงู ฺฉู ูููู ุจู ฺฉุณุจ ููุฑู ูุจูู ูโุดููุฏ #ุฌูุงุฒ ุฏุฑ ูุธุฑ ุฏุงุฑู ฺฉู ุดุงูู  #ุจุฑุฑุณ ุชุฎุตุต ููุงุฏ ุฏุฑุฎูุงุณุช ู #ุงุตูุงุญ ุชุฎุตุต ุณุจุฏ  ู.... ูโุจุงุดุฏ  #ุขููุฒุด #ุฑูุงูุดูุงุณ_ุจุงุฒุงุฑ #ุจูุงุฏ #ุชฺฉูฺฉุงู #ุจูุฑุณ #ูุงุฑฺฉุณ #ุทูุง #ุงุฑุฒ_ุฏุฌุชุงู  ุงุฎุฑ ูุฑ ููุชู ฺฉูุงุณ ุขููุฒุด ุฏุงุฑู ฺฉุงููุง ุฑุงฺฏุงู ุงุฒ ุฏุณุชุด ูุฏ @arkabourse13670 ูุตู ุงูู ูุณูุช ฺูุงุฑู,2022-06-24 18:32:47,,,0,,,0,0,,7